id_pabellon,bloque,operativo
PAB_01,1,0
PAB_01,2,0
PAB_01,3,0
PAB_01,4,0
PAB_01,5,0
PAB_01,6,0
PAB_01,7,0
PAB_01,8,0
PAB_01,9,1
PAB_01,10,1
PAB_01,11,1
PAB_01,12,1
PAB_01,13,1
PAB_01,14,1
PAB_01,15,1
PAB_01,16,1
PAB_01,17,1
PAB_01,18,0
PAB_01,19,0
PAB_01,20,0
PAB_01,21,0
PAB_01,22,0
PAB_01,23,0
PAB_01,24,0
PAB_01,25,0
PAB_01,26,0
PAB_01,27,0
PAB_01,28,0
PAB_01,29,0
PAB_01,30,0
PAB_01,31,0
PAB_01,32,0
PAB_01,33,1
PAB_01,34,1
PAB_01,35,1
PAB_01,36,1
PAB_01,37,1
PAB_01,38,1
PAB_01,39,1
PAB_01,40,1
PAB_01,41,1
PAB_01,42,0
PAB_01,43,0
PAB_01,44,0
PAB_01,45,0
PAB_01,46,0
PAB_01,47,0
PAB_01,48,0
PAB_01,49,0
PAB_01,50,0
PAB_01,51,0
PAB_01,52,0
PAB_01,53,0
PAB_01,54,0
PAB_01,55,0
PAB_01,56,0
PAB_01,57,1
PAB_01,58,1
PAB_01,59,1
PAB_01,60,1
PAB_01,61,1
PAB_01,62,1
PAB_01,63,1
PAB_01,64,1
PAB_01,65,1
PAB_01,66,0
PAB_01,67,0
PAB_01,68,0
PAB_01,69,0
PAB_01,70,0
PAB_01,71,0
PAB_01,72,0
PAB_01,73,0
PAB_01,74,0
PAB_01,75,0
PAB_01,76,0
PAB_01,77,0
PAB_01,78,0
PAB_01,79,0
PAB_01,80,0
PAB_01,81,1
PAB_01,82,1
PAB_01,83,1
PAB_01,84,1
PAB_01,85,1
PAB_01,86,1
PAB_01,87,1
PAB_01,88,1
PAB_01,89,1
PAB_01,90,0
PAB_01,91,0
PAB_01,92,0
PAB_01,93,0
PAB_01,94,0
PAB_01,95,0
PAB_01,96,0
PAB_01,97,0
PAB_01,98,0
PAB_01,99,0
PAB_01,100,0
PAB_01,101,0
PAB_01,102,0
PAB_01,103,0
PAB_01,104,0
PAB_01,105,1
PAB_01,106,1
PAB_01,107,1
PAB_01,108,1
PAB_01,109,1
PAB_01,110,1
PAB_01,111,1
PAB_01,112,1
PAB_01,113,1
PAB_01,114,0
PAB_01,115,0
PAB_01,116,0
PAB_01,117,0
PAB_01,118,0
PAB_01,119,0
PAB_01,120,0
PAB_01,121,0
PAB_01,122,0
PAB_01,123,0
PAB_01,124,0
PAB_01,125,0
PAB_01,126,0
PAB_01,127,0
PAB_01,128,0
PAB_01,129,0
PAB_01,130,0
PAB_01,131,0
PAB_01,132,0
PAB_01,133,0
PAB_01,134,0
PAB_01,135,0
PAB_01,136,0
PAB_01,137,0
PAB_01,138,0
PAB_01,139,0
PAB_01,140,0
PAB_01,141,0
PAB_01,142,0
PAB_01,143,0
PAB_01,144,0
PAB_01,145,0
PAB_01,146,0
PAB_01,147,0
PAB_01,148,0
PAB_01,149,0
PAB_01,150,0
PAB_01,151,0
PAB_01,152,0
PAB_01,153,0
PAB_01,154,0
PAB_01,155,0
PAB_01,156,0
PAB_01,157,0
PAB_01,158,0
PAB_01,159,0
PAB_01,160,0
PAB_01,161,0
PAB_01,162,0
PAB_01,163,0
PAB_01,164,0
PAB_01,165,0
PAB_01,166,0
PAB_01,167,0
PAB_01,168,0
PAB_01,169,0
PAB_01,170,0
PAB_01,171,0
PAB_01,172,0
PAB_01,173,0
PAB_01,174,0
PAB_01,175,0
PAB_01,176,0
PAB_01,177,1
PAB_01,178,1
PAB_01,179,1
PAB_01,180,1
PAB_01,181,1
PAB_01,182,1
PAB_01,183,1
PAB_01,184,1
PAB_01,185,1
PAB_01,186,0
PAB_01,187,0
PAB_01,188,0
PAB_01,189,0
PAB_01,190,0
PAB_01,191,0
PAB_01,192,0
PAB_01,193,0
PAB_01,194,0
PAB_01,195,0
PAB_01,196,0
PAB_01,197,0
PAB_01,198,0
PAB_01,199,0
PAB_01,200,0
PAB_01,201,1
PAB_01,202,1
PAB_01,203,1
PAB_01,204,1
PAB_01,205,1
PAB_01,206,1
PAB_01,207,1
PAB_01,208,1
PAB_01,209,1
PAB_01,210,0
PAB_01,211,0
PAB_01,212,0
PAB_01,213,0
PAB_01,214,0
PAB_01,215,0
PAB_01,216,0
PAB_01,217,0
PAB_01,218,0
PAB_01,219,0
PAB_01,220,0
PAB_01,221,0
PAB_01,222,0
PAB_01,223,0
PAB_01,224,0
PAB_01,225,1
PAB_01,226,1
PAB_01,227,1
PAB_01,228,1
PAB_01,229,1
PAB_01,230,1
PAB_01,231,1
PAB_01,232,1
PAB_01,233,1
PAB_01,234,0
PAB_01,235,0
PAB_01,236,0
PAB_01,237,0
PAB_01,238,0
PAB_01,239,0
PAB_01,240,0
PAB_01,241,0
PAB_01,242,0
PAB_01,243,0
PAB_01,244,0
PAB_01,245,0
PAB_01,246,0
PAB_01,247,0
PAB_01,248,0
PAB_01,249,1
PAB_01,250,1
PAB_01,251,1
PAB_01,252,1
PAB_01,253,1
PAB_01,254,1
PAB_01,255,1
PAB_01,256,1
PAB_01,257,1
PAB_01,258,0
PAB_01,259,0
PAB_01,260,0
PAB_01,261,0
PAB_01,262,0
PAB_01,263,0
PAB_01,264,0
PAB_01,265,0
PAB_01,266,0
PAB_01,267,0
PAB_01,268,0
PAB_01,269,0
PAB_01,270,0
PAB_01,271,0
PAB_01,272,0
PAB_01,273,1
PAB_01,274,1
PAB_01,275,1
PAB_01,276,1
PAB_01,277,1
PAB_01,278,1
PAB_01,279,1
PAB_01,280,1
PAB_01,281,1
PAB_01,282,0
PAB_01,283,0
PAB_01,284,0
PAB_01,285,0
PAB_01,286,0
PAB_01,287,0
PAB_01,288,0
PAB_01,289,0
PAB_01,290,0
PAB_01,291,0
PAB_01,292,0
PAB_01,293,0
PAB_01,294,0
PAB_01,295,0
PAB_01,296,0
PAB_01,297,0
PAB_01,298,0
PAB_01,299,0
PAB_01,300,0
PAB_01,301,0
PAB_01,302,0
PAB_01,303,0
PAB_01,304,0
PAB_01,305,0
PAB_01,306,0
PAB_01,307,0
PAB_01,308,0
PAB_01,309,0
PAB_01,310,0
PAB_01,311,0
PAB_01,312,0
PAB_01,313,0
PAB_01,314,0
PAB_01,315,0
PAB_01,316,0
PAB_01,317,0
PAB_01,318,0
PAB_01,319,0
PAB_01,320,0
PAB_01,321,0
PAB_01,322,0
PAB_01,323,0
PAB_01,324,0
PAB_01,325,0
PAB_01,326,0
PAB_01,327,0
PAB_01,328,0
PAB_01,329,0
PAB_01,330,0
PAB_01,331,0
PAB_01,332,0
PAB_01,333,0
PAB_01,334,0
PAB_01,335,0
PAB_01,336,0
PAB_01,337,0
PAB_01,338,0
PAB_01,339,0
PAB_01,340,0
PAB_01,341,0
PAB_01,342,0
PAB_01,343,0
PAB_01,344,0
PAB_01,345,1
PAB_01,346,1
PAB_01,347,1
PAB_01,348,1
PAB_01,349,1
PAB_01,350,1
PAB_01,351,1
PAB_01,352,1
PAB_01,353,1
PAB_01,354,0
PAB_01,355,0
PAB_01,356,0
PAB_01,357,0
PAB_01,358,0
PAB_01,359,0
PAB_01,360,0
PAB_01,361,0
PAB_01,362,0
PAB_01,363,0
PAB_01,364,0
PAB_01,365,0
PAB_01,366,0
PAB_01,367,0
PAB_01,368,0
PAB_01,369,1
PAB_01,370,1
PAB_01,371,1
PAB_01,372,1
PAB_01,373,1
PAB_01,374,1
PAB_01,375,1
PAB_01,376,1
PAB_01,377,1
PAB_01,378,0
PAB_01,379,0
PAB_01,380,0
PAB_01,381,0
PAB_01,382,0
PAB_01,383,0
PAB_01,384,0
PAB_01,385,0
PAB_01,386,0
PAB_01,387,0
PAB_01,388,0
PAB_01,389,0
PAB_01,390,0
PAB_01,391,0
PAB_01,392,0
PAB_01,393,1
PAB_01,394,1
PAB_01,395,1
PAB_01,396,1
PAB_01,397,1
PAB_01,398,1
PAB_01,399,1
PAB_01,400,1
PAB_01,401,1
PAB_01,402,0
PAB_01,403,0
PAB_01,404,0
PAB_01,405,0
PAB_01,406,0
PAB_01,407,0
PAB_01,408,0
PAB_01,409,0
PAB_01,410,0
PAB_01,411,0
PAB_01,412,0
PAB_01,413,0
PAB_01,414,0
PAB_01,415,0
PAB_01,416,0
PAB_01,417,1
PAB_01,418,1
PAB_01,419,1
PAB_01,420,1
PAB_01,421,1
PAB_01,422,1
PAB_01,423,1
PAB_01,424,1
PAB_01,425,1
PAB_01,426,0
PAB_01,427,0
PAB_01,428,0
PAB_01,429,0
PAB_01,430,0
PAB_01,431,0
PAB_01,432,0
PAB_01,433,0
PAB_01,434,0
PAB_01,435,0
PAB_01,436,0
PAB_01,437,0
PAB_01,438,0
PAB_01,439,0
PAB_01,440,0
PAB_01,441,1
PAB_01,442,1
PAB_01,443,1
PAB_01,444,1
PAB_01,445,1
PAB_01,446,1
PAB_01,447,1
PAB_01,448,1
PAB_01,449,1
PAB_01,450,0
PAB_01,451,0
PAB_01,452,0
PAB_01,453,0
PAB_01,454,0
PAB_01,455,0
PAB_01,456,0
PAB_01,457,0
PAB_01,458,0
PAB_01,459,0
PAB_01,460,0
PAB_01,461,0
PAB_01,462,0
PAB_01,463,0
PAB_01,464,0
PAB_01,465,0
PAB_01,466,0
PAB_01,467,0
PAB_01,468,0
PAB_01,469,0
PAB_01,470,0
PAB_01,471,0
PAB_01,472,0
PAB_01,473,0
PAB_01,474,0
PAB_01,475,0
PAB_01,476,0
PAB_01,477,0
PAB_01,478,0
PAB_01,479,0
PAB_01,480,0
PAB_01,481,0
PAB_01,482,0
PAB_01,483,0
PAB_01,484,0
PAB_01,485,0
PAB_01,486,0
PAB_01,487,0
PAB_01,488,0
PAB_01,489,0
PAB_01,490,0
PAB_01,491,0
PAB_01,492,0
PAB_01,493,0
PAB_01,494,0
PAB_01,495,0
PAB_01,496,0
PAB_01,497,0
PAB_01,498,0
PAB_01,499,0
PAB_01,500,0
PAB_01,501,0
PAB_01,502,0
PAB_01,503,0
PAB_01,504,0
PAB_01,505,0
PAB_01,506,0
PAB_01,507,0
PAB_01,508,0
PAB_01,509,0
PAB_01,510,0
PAB_01,511,0
PAB_01,512,0
PAB_01,513,1
PAB_01,514,1
PAB_01,515,1
PAB_01,516,1
PAB_01,517,1
PAB_01,518,1
PAB_01,519,1
PAB_01,520,1
PAB_01,521,1
PAB_01,522,0
PAB_01,523,0
PAB_01,524,0
PAB_01,525,0
PAB_01,526,0
PAB_01,527,0
PAB_01,528,0
PAB_01,529,0
PAB_01,530,0
PAB_01,531,0
PAB_01,532,0
PAB_01,533,0
PAB_01,534,0
PAB_01,535,0
PAB_01,536,0
PAB_01,537,1
PAB_01,538,1
PAB_01,539,1
PAB_01,540,1
PAB_01,541,1
PAB_01,542,1
PAB_01,543,1
PAB_01,544,1
PAB_01,545,1
PAB_01,546,0
PAB_01,547,0
PAB_01,548,0
PAB_01,549,0
PAB_01,550,0
PAB_01,551,0
PAB_01,552,0
PAB_01,553,0
PAB_01,554,0
PAB_01,555,0
PAB_01,556,0
PAB_01,557,0
PAB_01,558,0
PAB_01,559,0
PAB_01,560,0
PAB_01,561,1
PAB_01,562,1
PAB_01,563,1
PAB_01,564,1
PAB_01,565,1
PAB_01,566,1
PAB_01,567,1
PAB_01,568,1
PAB_01,569,1
PAB_01,570,0
PAB_01,571,0
PAB_01,572,0
PAB_01,573,0
PAB_01,574,0
PAB_01,575,0
PAB_01,576,0
PAB_01,577,0
PAB_01,578,0
PAB_01,579,0
PAB_01,580,0
PAB_01,581,0
PAB_01,582,0
PAB_01,583,0
PAB_01,584,0
PAB_01,585,1
PAB_01,586,1
PAB_01,587,1
PAB_01,588,1
PAB_01,589,1
PAB_01,590,1
PAB_01,591,1
PAB_01,592,1
PAB_01,593,1
PAB_01,594,0
PAB_01,595,0
PAB_01,596,0
PAB_01,597,0
PAB_01,598,0
PAB_01,599,0
PAB_01,600,0
PAB_01,601,0
PAB_01,602,0
PAB_01,603,0
PAB_01,604,0
PAB_01,605,0
PAB_01,606,0
PAB_01,607,0
PAB_01,608,0
PAB_01,609,1
PAB_01,610,1
PAB_01,611,1
PAB_01,612,1
PAB_01,613,1
PAB_01,614,1
PAB_01,615,1
PAB_01,616,1
PAB_01,617,1
PAB_01,618,0
PAB_01,619,0
PAB_01,620,0
PAB_01,621,0
PAB_01,622,0
PAB_01,623,0
PAB_01,624,0
PAB_01,625,0
PAB_01,626,0
PAB_01,627,0
PAB_01,628,0
PAB_01,629,0
PAB_01,630,0
PAB_01,631,0
PAB_01,632,0
PAB_01,633,0
PAB_01,634,0
PAB_01,635,0
PAB_01,636,0
PAB_01,637,0
PAB_01,638,0
PAB_01,639,0
PAB_01,640,0
PAB_01,641,0
PAB_01,642,0
PAB_01,643,0
PAB_01,644,0
PAB_01,645,0
PAB_01,646,0
PAB_01,647,0
PAB_01,648,0
PAB_01,649,0
PAB_01,650,0
PAB_01,651,0
PAB_01,652,0
PAB_01,653,0
PAB_01,654,0
PAB_01,655,0
PAB_01,656,0
PAB_01,657,0
PAB_01,658,0
PAB_01,659,0
PAB_01,660,0
PAB_01,661,0
PAB_01,662,0
PAB_01,663,0
PAB_01,664,0
PAB_01,665,0
PAB_01,666,0
PAB_01,667,0
PAB_01,668,0
PAB_01,669,0
PAB_01,670,0
PAB_01,671,0
PAB_01,672,0
PAB_01,673,0
PAB_01,674,0
PAB_01,675,0
PAB_01,676,0
PAB_01,677,0
PAB_01,678,0
PAB_01,679,0
PAB_01,680,0
PAB_01,681,1
PAB_01,682,1
PAB_01,683,1
PAB_01,684,1
PAB_01,685,1
PAB_01,686,1
PAB_01,687,1
PAB_01,688,1
PAB_01,689,1
PAB_01,690,0
PAB_01,691,0
PAB_01,692,0
PAB_01,693,0
PAB_01,694,0
PAB_01,695,0
PAB_01,696,0
PAB_01,697,0
PAB_01,698,0
PAB_01,699,0
PAB_01,700,0
PAB_01,701,0
PAB_01,702,0
PAB_01,703,0
PAB_01,704,0
PAB_01,705,1
PAB_01,706,1
PAB_01,707,1
PAB_01,708,1
PAB_01,709,1
PAB_01,710,1
PAB_01,711,1
PAB_01,712,1
PAB_01,713,1
PAB_01,714,0
PAB_01,715,0
PAB_01,716,0
PAB_01,717,0
PAB_01,718,0
PAB_01,719,0
PAB_01,720,0
PAB_02,1,0
PAB_02,2,0
PAB_02,3,0
PAB_02,4,0
PAB_02,5,0
PAB_02,6,0
PAB_02,7,0
PAB_02,8,0
PAB_02,9,1
PAB_02,10,1
PAB_02,11,1
PAB_02,12,1
PAB_02,13,1
PAB_02,14,1
PAB_02,15,1
PAB_02,16,1
PAB_02,17,1
PAB_02,18,0
PAB_02,19,0
PAB_02,20,0
PAB_02,21,0
PAB_02,22,0
PAB_02,23,0
PAB_02,24,0
PAB_02,25,0
PAB_02,26,0
PAB_02,27,0
PAB_02,28,0
PAB_02,29,0
PAB_02,30,0
PAB_02,31,0
PAB_02,32,0
PAB_02,33,1
PAB_02,34,1
PAB_02,35,1
PAB_02,36,1
PAB_02,37,1
PAB_02,38,1
PAB_02,39,1
PAB_02,40,1
PAB_02,41,1
PAB_02,42,0
PAB_02,43,0
PAB_02,44,0
PAB_02,45,0
PAB_02,46,0
PAB_02,47,0
PAB_02,48,0
PAB_02,49,0
PAB_02,50,0
PAB_02,51,0
PAB_02,52,0
PAB_02,53,0
PAB_02,54,0
PAB_02,55,0
PAB_02,56,0
PAB_02,57,1
PAB_02,58,1
PAB_02,59,1
PAB_02,60,1
PAB_02,61,1
PAB_02,62,1
PAB_02,63,1
PAB_02,64,1
PAB_02,65,1
PAB_02,66,0
PAB_02,67,0
PAB_02,68,0
PAB_02,69,0
PAB_02,70,0
PAB_02,71,0
PAB_02,72,0
PAB_02,73,0
PAB_02,74,0
PAB_02,75,0
PAB_02,76,0
PAB_02,77,0
PAB_02,78,0
PAB_02,79,0
PAB_02,80,0
PAB_02,81,1
PAB_02,82,1
PAB_02,83,1
PAB_02,84,1
PAB_02,85,1
PAB_02,86,1
PAB_02,87,1
PAB_02,88,1
PAB_02,89,1
PAB_02,90,0
PAB_02,91,0
PAB_02,92,0
PAB_02,93,0
PAB_02,94,0
PAB_02,95,0
PAB_02,96,0
PAB_02,97,0
PAB_02,98,0
PAB_02,99,0
PAB_02,100,0
PAB_02,101,0
PAB_02,102,0
PAB_02,103,0
PAB_02,104,0
PAB_02,105,1
PAB_02,106,1
PAB_02,107,1
PAB_02,108,1
PAB_02,109,1
PAB_02,110,1
PAB_02,111,1
PAB_02,112,1
PAB_02,113,1
PAB_02,114,0
PAB_02,115,0
PAB_02,116,0
PAB_02,117,0
PAB_02,118,0
PAB_02,119,0
PAB_02,120,0
PAB_02,121,0
PAB_02,122,0
PAB_02,123,0
PAB_02,124,0
PAB_02,125,0
PAB_02,126,0
PAB_02,127,0
PAB_02,128,0
PAB_02,129,0
PAB_02,130,0
PAB_02,131,0
PAB_02,132,0
PAB_02,133,0
PAB_02,134,0
PAB_02,135,0
PAB_02,136,0
PAB_02,137,0
PAB_02,138,0
PAB_02,139,0
PAB_02,140,0
PAB_02,141,0
PAB_02,142,0
PAB_02,143,0
PAB_02,144,0
PAB_02,145,0
PAB_02,146,0
PAB_02,147,0
PAB_02,148,0
PAB_02,149,0
PAB_02,150,0
PAB_02,151,0
PAB_02,152,0
PAB_02,153,0
PAB_02,154,0
PAB_02,155,0
PAB_02,156,0
PAB_02,157,0
PAB_02,158,0
PAB_02,159,0
PAB_02,160,0
PAB_02,161,0
PAB_02,162,0
PAB_02,163,0
PAB_02,164,0
PAB_02,165,0
PAB_02,166,0
PAB_02,167,0
PAB_02,168,0
PAB_02,169,0
PAB_02,170,0
PAB_02,171,0
PAB_02,172,0
PAB_02,173,0
PAB_02,174,0
PAB_02,175,0
PAB_02,176,0
PAB_02,177,1
PAB_02,178,1
PAB_02,179,1
PAB_02,180,1
PAB_02,181,1
PAB_02,182,1
PAB_02,183,1
PAB_02,184,1
PAB_02,185,1
PAB_02,186,0
PAB_02,187,0
PAB_02,188,0
PAB_02,189,0
PAB_02,190,0
PAB_02,191,0
PAB_02,192,0
PAB_02,193,0
PAB_02,194,0
PAB_02,195,0
PAB_02,196,0
PAB_02,197,0
PAB_02,198,0
PAB_02,199,0
PAB_02,200,0
PAB_02,201,1
PAB_02,202,1
PAB_02,203,1
PAB_02,204,1
PAB_02,205,1
PAB_02,206,1
PAB_02,207,1
PAB_02,208,1
PAB_02,209,1
PAB_02,210,0
PAB_02,211,0
PAB_02,212,0
PAB_02,213,0
PAB_02,214,0
PAB_02,215,0
PAB_02,216,0
PAB_02,217,0
PAB_02,218,0
PAB_02,219,0
PAB_02,220,0
PAB_02,221,0
PAB_02,222,0
PAB_02,223,0
PAB_02,224,0
PAB_02,225,1
PAB_02,226,1
PAB_02,227,1
PAB_02,228,1
PAB_02,229,1
PAB_02,230,1
PAB_02,231,1
PAB_02,232,1
PAB_02,233,1
PAB_02,234,0
PAB_02,235,0
PAB_02,236,0
PAB_02,237,0
PAB_02,238,0
PAB_02,239,0
PAB_02,240,0
PAB_02,241,0
PAB_02,242,0
PAB_02,243,0
PAB_02,244,0
PAB_02,245,0
PAB_02,246,0
PAB_02,247,0
PAB_02,248,0
PAB_02,249,1
PAB_02,250,1
PAB_02,251,1
PAB_02,252,1
PAB_02,253,1
PAB_02,254,1
PAB_02,255,1
PAB_02,256,1
PAB_02,257,1
PAB_02,258,0
PAB_02,259,0
PAB_02,260,0
PAB_02,261,0
PAB_02,262,0
PAB_02,263,0
PAB_02,264,0
PAB_02,265,0
PAB_02,266,0
PAB_02,267,0
PAB_02,268,0
PAB_02,269,0
PAB_02,270,0
PAB_02,271,0
PAB_02,272,0
PAB_02,273,1
PAB_02,274,1
PAB_02,275,1
PAB_02,276,1
PAB_02,277,1
PAB_02,278,1
PAB_02,279,1
PAB_02,280,1
PAB_02,281,1
PAB_02,282,0
PAB_02,283,0
PAB_02,284,0
PAB_02,285,0
PAB_02,286,0
PAB_02,287,0
PAB_02,288,0
PAB_02,289,0
PAB_02,290,0
PAB_02,291,0
PAB_02,292,0
PAB_02,293,0
PAB_02,294,0
PAB_02,295,0
PAB_02,296,0
PAB_02,297,0
PAB_02,298,0
PAB_02,299,0
PAB_02,300,0
PAB_02,301,0
PAB_02,302,0
PAB_02,303,0
PAB_02,304,0
PAB_02,305,0
PAB_02,306,0
PAB_02,307,0
PAB_02,308,0
PAB_02,309,0
PAB_02,310,0
PAB_02,311,0
PAB_02,312,0
PAB_02,313,0
PAB_02,314,0
PAB_02,315,0
PAB_02,316,0
PAB_02,317,0
PAB_02,318,0
PAB_02,319,0
PAB_02,320,0
PAB_02,321,0
PAB_02,322,0
PAB_02,323,0
PAB_02,324,0
PAB_02,325,0
PAB_02,326,0
PAB_02,327,0
PAB_02,328,0
PAB_02,329,0
PAB_02,330,0
PAB_02,331,0
PAB_02,332,0
PAB_02,333,0
PAB_02,334,0
PAB_02,335,0
PAB_02,336,0
PAB_02,337,0
PAB_02,338,0
PAB_02,339,0
PAB_02,340,0
PAB_02,341,0
PAB_02,342,0
PAB_02,343,0
PAB_02,344,0
PAB_02,345,1
PAB_02,346,1
PAB_02,347,1
PAB_02,348,1
PAB_02,349,1
PAB_02,350,1
PAB_02,351,1
PAB_02,352,1
PAB_02,353,1
PAB_02,354,0
PAB_02,355,0
PAB_02,356,0
PAB_02,357,0
PAB_02,358,0
PAB_02,359,0
PAB_02,360,0
PAB_02,361,0
PAB_02,362,0
PAB_02,363,0
PAB_02,364,0
PAB_02,365,0
PAB_02,366,0
PAB_02,367,0
PAB_02,368,0
PAB_02,369,1
PAB_02,370,1
PAB_02,371,1
PAB_02,372,1
PAB_02,373,1
PAB_02,374,1
PAB_02,375,1
PAB_02,376,1
PAB_02,377,1
PAB_02,378,0
PAB_02,379,0
PAB_02,380,0
PAB_02,381,0
PAB_02,382,0
PAB_02,383,0
PAB_02,384,0
PAB_02,385,0
PAB_02,386,0
PAB_02,387,0
PAB_02,388,0
PAB_02,389,0
PAB_02,390,0
PAB_02,391,0
PAB_02,392,0
PAB_02,393,1
PAB_02,394,1
PAB_02,395,1
PAB_02,396,1
PAB_02,397,1
PAB_02,398,1
PAB_02,399,1
PAB_02,400,1
PAB_02,401,1
PAB_02,402,0
PAB_02,403,0
PAB_02,404,0
PAB_02,405,0
PAB_02,406,0
PAB_02,407,0
PAB_02,408,0
PAB_02,409,0
PAB_02,410,0
PAB_02,411,0
PAB_02,412,0
PAB_02,413,0
PAB_02,414,0
PAB_02,415,0
PAB_02,416,0
PAB_02,417,1
PAB_02,418,1
PAB_02,419,1
PAB_02,420,1
PAB_02,421,1
PAB_02,422,1
PAB_02,423,1
PAB_02,424,1
PAB_02,425,1
PAB_02,426,0
PAB_02,427,0
PAB_02,428,0
PAB_02,429,0
PAB_02,430,0
PAB_02,431,0
PAB_02,432,0
PAB_02,433,0
PAB_02,434,0
PAB_02,435,0
PAB_02,436,0
PAB_02,437,0
PAB_02,438,0
PAB_02,439,0
PAB_02,440,0
PAB_02,441,1
PAB_02,442,1
PAB_02,443,1
PAB_02,444,1
PAB_02,445,1
PAB_02,446,1
PAB_02,447,1
PAB_02,448,1
PAB_02,449,1
PAB_02,450,0
PAB_02,451,0
PAB_02,452,0
PAB_02,453,0
PAB_02,454,0
PAB_02,455,0
PAB_02,456,0
PAB_02,457,0
PAB_02,458,0
PAB_02,459,0
PAB_02,460,0
PAB_02,461,0
PAB_02,462,0
PAB_02,463,0
PAB_02,464,0
PAB_02,465,0
PAB_02,466,0
PAB_02,467,0
PAB_02,468,0
PAB_02,469,0
PAB_02,470,0
PAB_02,471,0
PAB_02,472,0
PAB_02,473,0
PAB_02,474,0
PAB_02,475,0
PAB_02,476,0
PAB_02,477,0
PAB_02,478,0
PAB_02,479,0
PAB_02,480,0
PAB_02,481,0
PAB_02,482,0
PAB_02,483,0
PAB_02,484,0
PAB_02,485,0
PAB_02,486,0
PAB_02,487,0
PAB_02,488,0
PAB_02,489,0
PAB_02,490,0
PAB_02,491,0
PAB_02,492,0
PAB_02,493,0
PAB_02,494,0
PAB_02,495,0
PAB_02,496,0
PAB_02,497,0
PAB_02,498,0
PAB_02,499,0
PAB_02,500,0
PAB_02,501,0
PAB_02,502,0
PAB_02,503,0
PAB_02,504,0
PAB_02,505,0
PAB_02,506,0
PAB_02,507,0
PAB_02,508,0
PAB_02,509,0
PAB_02,510,0
PAB_02,511,0
PAB_02,512,0
PAB_02,513,1
PAB_02,514,1
PAB_02,515,1
PAB_02,516,1
PAB_02,517,1
PAB_02,518,1
PAB_02,519,1
PAB_02,520,1
PAB_02,521,1
PAB_02,522,0
PAB_02,523,0
PAB_02,524,0
PAB_02,525,0
PAB_02,526,0
PAB_02,527,0
PAB_02,528,0
PAB_02,529,0
PAB_02,530,0
PAB_02,531,0
PAB_02,532,0
PAB_02,533,0
PAB_02,534,0
PAB_02,535,0
PAB_02,536,0
PAB_02,537,1
PAB_02,538,1
PAB_02,539,1
PAB_02,540,1
PAB_02,541,1
PAB_02,542,1
PAB_02,543,1
PAB_02,544,1
PAB_02,545,1
PAB_02,546,0
PAB_02,547,0
PAB_02,548,0
PAB_02,549,0
PAB_02,550,0
PAB_02,551,0
PAB_02,552,0
PAB_02,553,0
PAB_02,554,0
PAB_02,555,0
PAB_02,556,0
PAB_02,557,0
PAB_02,558,0
PAB_02,559,0
PAB_02,560,0
PAB_02,561,1
PAB_02,562,1
PAB_02,563,1
PAB_02,564,1
PAB_02,565,1
PAB_02,566,1
PAB_02,567,1
PAB_02,568,1
PAB_02,569,1
PAB_02,570,0
PAB_02,571,0
PAB_02,572,0
PAB_02,573,0
PAB_02,574,0
PAB_02,575,0
PAB_02,576,0
PAB_02,577,0
PAB_02,578,0
PAB_02,579,0
PAB_02,580,0
PAB_02,581,0
PAB_02,582,0
PAB_02,583,0
PAB_02,584,0
PAB_02,585,1
PAB_02,586,1
PAB_02,587,1
PAB_02,588,1
PAB_02,589,1
PAB_02,590,1
PAB_02,591,1
PAB_02,592,1
PAB_02,593,1
PAB_02,594,0
PAB_02,595,0
PAB_02,596,0
PAB_02,597,0
PAB_02,598,0
PAB_02,599,0
PAB_02,600,0
PAB_02,601,0
PAB_02,602,0
PAB_02,603,0
PAB_02,604,0
PAB_02,605,0
PAB_02,606,0
PAB_02,607,0
PAB_02,608,0
PAB_02,609,1
PAB_02,610,1
PAB_02,611,1
PAB_02,612,1
PAB_02,613,1
PAB_02,614,1
PAB_02,615,1
PAB_02,616,1
PAB_02,617,1
PAB_02,618,0
PAB_02,619,0
PAB_02,620,0
PAB_02,621,0
PAB_02,622,0
PAB_02,623,0
PAB_02,624,0
PAB_02,625,0
PAB_02,626,0
PAB_02,627,0
PAB_02,628,0
PAB_02,629,0
PAB_02,630,0
PAB_02,631,0
PAB_02,632,0
PAB_02,633,0
PAB_02,634,0
PAB_02,635,0
PAB_02,636,0
PAB_02,637,0
PAB_02,638,0
PAB_02,639,0
PAB_02,640,0
PAB_02,641,0
PAB_02,642,0
PAB_02,643,0
PAB_02,644,0
PAB_02,645,0
PAB_02,646,0
PAB_02,647,0
PAB_02,648,0
PAB_02,649,0
PAB_02,650,0
PAB_02,651,0
PAB_02,652,0
PAB_02,653,0
PAB_02,654,0
PAB_02,655,0
PAB_02,656,0
PAB_02,657,0
PAB_02,658,0
PAB_02,659,0
PAB_02,660,0
PAB_02,661,0
PAB_02,662,0
PAB_02,663,0
PAB_02,664,0
PAB_02,665,0
PAB_02,666,0
PAB_02,667,0
PAB_02,668,0
PAB_02,669,0
PAB_02,670,0
PAB_02,671,0
PAB_02,672,0
PAB_02,673,0
PAB_02,674,0
PAB_02,675,0
PAB_02,676,0
PAB_02,677,0
PAB_02,678,0
PAB_02,679,0
PAB_02,680,0
PAB_02,681,1
PAB_02,682,1
PAB_02,683,1
PAB_02,684,1
PAB_02,685,1
PAB_02,686,1
PAB_02,687,1
PAB_02,688,1
PAB_02,689,1
PAB_02,690,0
PAB_02,691,0
PAB_02,692,0
PAB_02,693,0
PAB_02,694,0
PAB_02,695,0
PAB_02,696,0
PAB_02,697,0
PAB_02,698,0
PAB_02,699,0
PAB_02,700,0
PAB_02,701,0
PAB_02,702,0
PAB_02,703,0
PAB_02,704,0
PAB_02,705,1
PAB_02,706,1
PAB_02,707,1
PAB_02,708,1
PAB_02,709,1
PAB_02,710,1
PAB_02,711,1
PAB_02,712,1
PAB_02,713,1
PAB_02,714,0
PAB_02,715,0
PAB_02,716,0
PAB_02,717,0
PAB_02,718,0
PAB_02,719,0
PAB_02,720,0
PAB_03,1,0
PAB_03,2,0
PAB_03,3,0
PAB_03,4,0
PAB_03,5,0
PAB_03,6,0
PAB_03,7,0
PAB_03,8,0
PAB_03,9,1
PAB_03,10,1
PAB_03,11,1
PAB_03,12,1
PAB_03,13,1
PAB_03,14,1
PAB_03,15,1
PAB_03,16,1
PAB_03,17,1
PAB_03,18,0
PAB_03,19,0
PAB_03,20,0
PAB_03,21,0
PAB_03,22,0
PAB_03,23,0
PAB_03,24,0
PAB_03,25,0
PAB_03,26,0
PAB_03,27,0
PAB_03,28,0
PAB_03,29,0
PAB_03,30,0
PAB_03,31,0
PAB_03,32,0
PAB_03,33,1
PAB_03,34,1
PAB_03,35,1
PAB_03,36,1
PAB_03,37,1
PAB_03,38,1
PAB_03,39,1
PAB_03,40,1
PAB_03,41,1
PAB_03,42,0
PAB_03,43,0
PAB_03,44,0
PAB_03,45,0
PAB_03,46,0
PAB_03,47,0
PAB_03,48,0
PAB_03,49,0
PAB_03,50,0
PAB_03,51,0
PAB_03,52,0
PAB_03,53,0
PAB_03,54,0
PAB_03,55,0
PAB_03,56,0
PAB_03,57,1
PAB_03,58,1
PAB_03,59,1
PAB_03,60,1
PAB_03,61,1
PAB_03,62,1
PAB_03,63,1
PAB_03,64,1
PAB_03,65,1
PAB_03,66,0
PAB_03,67,0
PAB_03,68,0
PAB_03,69,0
PAB_03,70,0
PAB_03,71,0
PAB_03,72,0
PAB_03,73,0
PAB_03,74,0
PAB_03,75,0
PAB_03,76,0
PAB_03,77,0
PAB_03,78,0
PAB_03,79,0
PAB_03,80,0
PAB_03,81,1
PAB_03,82,1
PAB_03,83,1
PAB_03,84,1
PAB_03,85,1
PAB_03,86,1
PAB_03,87,1
PAB_03,88,1
PAB_03,89,1
PAB_03,90,0
PAB_03,91,0
PAB_03,92,0
PAB_03,93,0
PAB_03,94,0
PAB_03,95,0
PAB_03,96,0
PAB_03,97,0
PAB_03,98,0
PAB_03,99,0
PAB_03,100,0
PAB_03,101,0
PAB_03,102,0
PAB_03,103,0
PAB_03,104,0
PAB_03,105,1
PAB_03,106,1
PAB_03,107,1
PAB_03,108,1
PAB_03,109,1
PAB_03,110,1
PAB_03,111,1
PAB_03,112,1
PAB_03,113,1
PAB_03,114,0
PAB_03,115,0
PAB_03,116,0
PAB_03,117,0
PAB_03,118,0
PAB_03,119,0
PAB_03,120,0
PAB_03,121,0
PAB_03,122,0
PAB_03,123,0
PAB_03,124,0
PAB_03,125,0
PAB_03,126,0
PAB_03,127,0
PAB_03,128,0
PAB_03,129,0
PAB_03,130,0
PAB_03,131,0
PAB_03,132,0
PAB_03,133,0
PAB_03,134,0
PAB_03,135,0
PAB_03,136,0
PAB_03,137,0
PAB_03,138,0
PAB_03,139,0
PAB_03,140,0
PAB_03,141,0
PAB_03,142,0
PAB_03,143,0
PAB_03,144,0
PAB_03,145,0
PAB_03,146,0
PAB_03,147,0
PAB_03,148,0
PAB_03,149,0
PAB_03,150,0
PAB_03,151,0
PAB_03,152,0
PAB_03,153,0
PAB_03,154,0
PAB_03,155,0
PAB_03,156,0
PAB_03,157,0
PAB_03,158,0
PAB_03,159,0
PAB_03,160,0
PAB_03,161,0
PAB_03,162,0
PAB_03,163,0
PAB_03,164,0
PAB_03,165,0
PAB_03,166,0
PAB_03,167,0
PAB_03,168,0
PAB_03,169,0
PAB_03,170,0
PAB_03,171,0
PAB_03,172,0
PAB_03,173,0
PAB_03,174,0
PAB_03,175,0
PAB_03,176,0
PAB_03,177,1
PAB_03,178,1
PAB_03,179,1
PAB_03,180,1
PAB_03,181,1
PAB_03,182,1
PAB_03,183,1
PAB_03,184,1
PAB_03,185,1
PAB_03,186,0
PAB_03,187,0
PAB_03,188,0
PAB_03,189,0
PAB_03,190,0
PAB_03,191,0
PAB_03,192,0
PAB_03,193,0
PAB_03,194,0
PAB_03,195,0
PAB_03,196,0
PAB_03,197,0
PAB_03,198,0
PAB_03,199,0
PAB_03,200,0
PAB_03,201,1
PAB_03,202,1
PAB_03,203,1
PAB_03,204,1
PAB_03,205,1
PAB_03,206,1
PAB_03,207,1
PAB_03,208,1
PAB_03,209,1
PAB_03,210,0
PAB_03,211,0
PAB_03,212,0
PAB_03,213,0
PAB_03,214,0
PAB_03,215,0
PAB_03,216,0
PAB_03,217,0
PAB_03,218,0
PAB_03,219,0
PAB_03,220,0
PAB_03,221,0
PAB_03,222,0
PAB_03,223,0
PAB_03,224,0
PAB_03,225,1
PAB_03,226,1
PAB_03,227,1
PAB_03,228,1
PAB_03,229,1
PAB_03,230,1
PAB_03,231,1
PAB_03,232,1
PAB_03,233,1
PAB_03,234,0
PAB_03,235,0
PAB_03,236,0
PAB_03,237,0
PAB_03,238,0
PAB_03,239,0
PAB_03,240,0
PAB_03,241,0
PAB_03,242,0
PAB_03,243,0
PAB_03,244,0
PAB_03,245,0
PAB_03,246,0
PAB_03,247,0
PAB_03,248,0
PAB_03,249,1
PAB_03,250,1
PAB_03,251,1
PAB_03,252,1
PAB_03,253,1
PAB_03,254,1
PAB_03,255,1
PAB_03,256,1
PAB_03,257,1
PAB_03,258,0
PAB_03,259,0
PAB_03,260,0
PAB_03,261,0
PAB_03,262,0
PAB_03,263,0
PAB_03,264,0
PAB_03,265,0
PAB_03,266,0
PAB_03,267,0
PAB_03,268,0
PAB_03,269,0
PAB_03,270,0
PAB_03,271,0
PAB_03,272,0
PAB_03,273,1
PAB_03,274,1
PAB_03,275,1
PAB_03,276,1
PAB_03,277,1
PAB_03,278,1
PAB_03,279,1
PAB_03,280,1
PAB_03,281,1
PAB_03,282,0
PAB_03,283,0
PAB_03,284,0
PAB_03,285,0
PAB_03,286,0
PAB_03,287,0
PAB_03,288,0
PAB_03,289,0
PAB_03,290,0
PAB_03,291,0
PAB_03,292,0
PAB_03,293,0
PAB_03,294,0
PAB_03,295,0
PAB_03,296,0
PAB_03,297,0
PAB_03,298,0
PAB_03,299,0
PAB_03,300,0
PAB_03,301,0
PAB_03,302,0
PAB_03,303,0
PAB_03,304,0
PAB_03,305,0
PAB_03,306,0
PAB_03,307,0
PAB_03,308,0
PAB_03,309,0
PAB_03,310,0
PAB_03,311,0
PAB_03,312,0
PAB_03,313,0
PAB_03,314,0
PAB_03,315,0
PAB_03,316,0
PAB_03,317,0
PAB_03,318,0
PAB_03,319,0
PAB_03,320,0
PAB_03,321,0
PAB_03,322,0
PAB_03,323,0
PAB_03,324,0
PAB_03,325,0
PAB_03,326,0
PAB_03,327,0
PAB_03,328,0
PAB_03,329,0
PAB_03,330,0
PAB_03,331,0
PAB_03,332,0
PAB_03,333,0
PAB_03,334,0
PAB_03,335,0
PAB_03,336,0
PAB_03,337,0
PAB_03,338,0
PAB_03,339,0
PAB_03,340,0
PAB_03,341,0
PAB_03,342,0
PAB_03,343,0
PAB_03,344,0
PAB_03,345,1
PAB_03,346,1
PAB_03,347,1
PAB_03,348,1
PAB_03,349,1
PAB_03,350,1
PAB_03,351,1
PAB_03,352,1
PAB_03,353,1
PAB_03,354,0
PAB_03,355,0
PAB_03,356,0
PAB_03,357,0
PAB_03,358,0
PAB_03,359,0
PAB_03,360,0
PAB_03,361,0
PAB_03,362,0
PAB_03,363,0
PAB_03,364,0
PAB_03,365,0
PAB_03,366,0
PAB_03,367,0
PAB_03,368,0
PAB_03,369,1
PAB_03,370,1
PAB_03,371,1
PAB_03,372,1
PAB_03,373,1
PAB_03,374,1
PAB_03,375,1
PAB_03,376,1
PAB_03,377,1
PAB_03,378,0
PAB_03,379,0
PAB_03,380,0
PAB_03,381,0
PAB_03,382,0
PAB_03,383,0
PAB_03,384,0
PAB_03,385,0
PAB_03,386,0
PAB_03,387,0
PAB_03,388,0
PAB_03,389,0
PAB_03,390,0
PAB_03,391,0
PAB_03,392,0
PAB_03,393,1
PAB_03,394,1
PAB_03,395,1
PAB_03,396,1
PAB_03,397,1
PAB_03,398,1
PAB_03,399,1
PAB_03,400,1
PAB_03,401,1
PAB_03,402,0
PAB_03,403,0
PAB_03,404,0
PAB_03,405,0
PAB_03,406,0
PAB_03,407,0
PAB_03,408,0
PAB_03,409,0
PAB_03,410,0
PAB_03,411,0
PAB_03,412,0
PAB_03,413,0
PAB_03,414,0
PAB_03,415,0
PAB_03,416,0
PAB_03,417,1
PAB_03,418,1
PAB_03,419,1
PAB_03,420,1
PAB_03,421,1
PAB_03,422,1
PAB_03,423,1
PAB_03,424,1
PAB_03,425,1
PAB_03,426,0
PAB_03,427,0
PAB_03,428,0
PAB_03,429,0
PAB_03,430,0
PAB_03,431,0
PAB_03,432,0
PAB_03,433,0
PAB_03,434,0
PAB_03,435,0
PAB_03,436,0
PAB_03,437,0
PAB_03,438,0
PAB_03,439,0
PAB_03,440,0
PAB_03,441,1
PAB_03,442,1
PAB_03,443,1
PAB_03,444,1
PAB_03,445,1
PAB_03,446,1
PAB_03,447,1
PAB_03,448,1
PAB_03,449,1
PAB_03,450,0
PAB_03,451,0
PAB_03,452,0
PAB_03,453,0
PAB_03,454,0
PAB_03,455,0
PAB_03,456,0
PAB_03,457,0
PAB_03,458,0
PAB_03,459,0
PAB_03,460,0
PAB_03,461,0
PAB_03,462,0
PAB_03,463,0
PAB_03,464,0
PAB_03,465,0
PAB_03,466,0
PAB_03,467,0
PAB_03,468,0
PAB_03,469,0
PAB_03,470,0
PAB_03,471,0
PAB_03,472,0
PAB_03,473,0
PAB_03,474,0
PAB_03,475,0
PAB_03,476,0
PAB_03,477,0
PAB_03,478,0
PAB_03,479,0
PAB_03,480,0
PAB_03,481,0
PAB_03,482,0
PAB_03,483,0
PAB_03,484,0
PAB_03,485,0
PAB_03,486,0
PAB_03,487,0
PAB_03,488,0
PAB_03,489,0
PAB_03,490,0
PAB_03,491,0
PAB_03,492,0
PAB_03,493,0
PAB_03,494,0
PAB_03,495,0
PAB_03,496,0
PAB_03,497,0
PAB_03,498,0
PAB_03,499,0
PAB_03,500,0
PAB_03,501,0
PAB_03,502,0
PAB_03,503,0
PAB_03,504,0
PAB_03,505,0
PAB_03,506,0
PAB_03,507,0
PAB_03,508,0
PAB_03,509,0
PAB_03,510,0
PAB_03,511,0
PAB_03,512,0
PAB_03,513,1
PAB_03,514,1
PAB_03,515,1
PAB_03,516,1
PAB_03,517,1
PAB_03,518,1
PAB_03,519,1
PAB_03,520,1
PAB_03,521,1
PAB_03,522,0
PAB_03,523,0
PAB_03,524,0
PAB_03,525,0
PAB_03,526,0
PAB_03,527,0
PAB_03,528,0
PAB_03,529,0
PAB_03,530,0
PAB_03,531,0
PAB_03,532,0
PAB_03,533,0
PAB_03,534,0
PAB_03,535,0
PAB_03,536,0
PAB_03,537,1
PAB_03,538,1
PAB_03,539,1
PAB_03,540,1
PAB_03,541,1
PAB_03,542,1
PAB_03,543,1
PAB_03,544,1
PAB_03,545,1
PAB_03,546,0
PAB_03,547,0
PAB_03,548,0
PAB_03,549,0
PAB_03,550,0
PAB_03,551,0
PAB_03,552,0
PAB_03,553,0
PAB_03,554,0
PAB_03,555,0
PAB_03,556,0
PAB_03,557,0
PAB_03,558,0
PAB_03,559,0
PAB_03,560,0
PAB_03,561,1
PAB_03,562,1
PAB_03,563,1
PAB_03,564,1
PAB_03,565,1
PAB_03,566,1
PAB_03,567,1
PAB_03,568,1
PAB_03,569,1
PAB_03,570,0
PAB_03,571,0
PAB_03,572,0
PAB_03,573,0
PAB_03,574,0
PAB_03,575,0
PAB_03,576,0
PAB_03,577,0
PAB_03,578,0
PAB_03,579,0
PAB_03,580,0
PAB_03,581,0
PAB_03,582,0
PAB_03,583,0
PAB_03,584,0
PAB_03,585,1
PAB_03,586,1
PAB_03,587,1
PAB_03,588,1
PAB_03,589,1
PAB_03,590,1
PAB_03,591,1
PAB_03,592,1
PAB_03,593,1
PAB_03,594,0
PAB_03,595,0
PAB_03,596,0
PAB_03,597,0
PAB_03,598,0
PAB_03,599,0
PAB_03,600,0
PAB_03,601,0
PAB_03,602,0
PAB_03,603,0
PAB_03,604,0
PAB_03,605,0
PAB_03,606,0
PAB_03,607,0
PAB_03,608,0
PAB_03,609,1
PAB_03,610,1
PAB_03,611,1
PAB_03,612,1
PAB_03,613,1
PAB_03,614,1
PAB_03,615,1
PAB_03,616,1
PAB_03,617,1
PAB_03,618,0
PAB_03,619,0
PAB_03,620,0
PAB_03,621,0
PAB_03,622,0
PAB_03,623,0
PAB_03,624,0
PAB_03,625,0
PAB_03,626,0
PAB_03,627,0
PAB_03,628,0
PAB_03,629,0
PAB_03,630,0
PAB_03,631,0
PAB_03,632,0
PAB_03,633,0
PAB_03,634,0
PAB_03,635,0
PAB_03,636,0
PAB_03,637,0
PAB_03,638,0
PAB_03,639,0
PAB_03,640,0
PAB_03,641,0
PAB_03,642,0
PAB_03,643,0
PAB_03,644,0
PAB_03,645,0
PAB_03,646,0
PAB_03,647,0
PAB_03,648,0
PAB_03,649,0
PAB_03,650,0
PAB_03,651,0
PAB_03,652,0
PAB_03,653,0
PAB_03,654,0
PAB_03,655,0
PAB_03,656,0
PAB_03,657,0
PAB_03,658,0
PAB_03,659,0
PAB_03,660,0
PAB_03,661,0
PAB_03,662,0
PAB_03,663,0
PAB_03,664,0
PAB_03,665,0
PAB_03,666,0
PAB_03,667,0
PAB_03,668,0
PAB_03,669,0
PAB_03,670,0
PAB_03,671,0
PAB_03,672,0
PAB_03,673,0
PAB_03,674,0
PAB_03,675,0
PAB_03,676,0
PAB_03,677,0
PAB_03,678,0
PAB_03,679,0
PAB_03,680,0
PAB_03,681,1
PAB_03,682,1
PAB_03,683,1
PAB_03,684,1
PAB_03,685,1
PAB_03,686,1
PAB_03,687,1
PAB_03,688,1
PAB_03,689,1
PAB_03,690,0
PAB_03,691,0
PAB_03,692,0
PAB_03,693,0
PAB_03,694,0
PAB_03,695,0
PAB_03,696,0
PAB_03,697,0
PAB_03,698,0
PAB_03,699,0
PAB_03,700,0
PAB_03,701,0
PAB_03,702,0
PAB_03,703,0
PAB_03,704,0
PAB_03,705,1
PAB_03,706,1
PAB_03,707,1
PAB_03,708,1
PAB_03,709,1
PAB_03,710,1
PAB_03,711,1
PAB_03,712,1
PAB_03,713,1
PAB_03,714,0
PAB_03,715,0
PAB_03,716,0
PAB_03,717,0
PAB_03,718,0
PAB_03,719,0
PAB_03,720,0
PAB_04,1,0
PAB_04,2,0
PAB_04,3,0
PAB_04,4,0
PAB_04,5,0
PAB_04,6,0
PAB_04,7,0
PAB_04,8,0
PAB_04,9,1
PAB_04,10,1
PAB_04,11,1
PAB_04,12,1
PAB_04,13,1
PAB_04,14,1
PAB_04,15,1
PAB_04,16,1
PAB_04,17,1
PAB_04,18,0
PAB_04,19,0
PAB_04,20,0
PAB_04,21,0
PAB_04,22,0
PAB_04,23,0
PAB_04,24,0
PAB_04,25,0
PAB_04,26,0
PAB_04,27,0
PAB_04,28,0
PAB_04,29,0
PAB_04,30,0
PAB_04,31,0
PAB_04,32,0
PAB_04,33,1
PAB_04,34,1
PAB_04,35,1
PAB_04,36,1
PAB_04,37,1
PAB_04,38,1
PAB_04,39,1
PAB_04,40,1
PAB_04,41,1
PAB_04,42,0
PAB_04,43,0
PAB_04,44,0
PAB_04,45,0
PAB_04,46,0
PAB_04,47,0
PAB_04,48,0
PAB_04,49,0
PAB_04,50,0
PAB_04,51,0
PAB_04,52,0
PAB_04,53,0
PAB_04,54,0
PAB_04,55,0
PAB_04,56,0
PAB_04,57,1
PAB_04,58,1
PAB_04,59,1
PAB_04,60,1
PAB_04,61,1
PAB_04,62,1
PAB_04,63,1
PAB_04,64,1
PAB_04,65,1
PAB_04,66,0
PAB_04,67,0
PAB_04,68,0
PAB_04,69,0
PAB_04,70,0
PAB_04,71,0
PAB_04,72,0
PAB_04,73,0
PAB_04,74,0
PAB_04,75,0
PAB_04,76,0
PAB_04,77,0
PAB_04,78,0
PAB_04,79,0
PAB_04,80,0
PAB_04,81,1
PAB_04,82,1
PAB_04,83,1
PAB_04,84,1
PAB_04,85,1
PAB_04,86,1
PAB_04,87,1
PAB_04,88,1
PAB_04,89,1
PAB_04,90,0
PAB_04,91,0
PAB_04,92,0
PAB_04,93,0
PAB_04,94,0
PAB_04,95,0
PAB_04,96,0
PAB_04,97,0
PAB_04,98,0
PAB_04,99,0
PAB_04,100,0
PAB_04,101,0
PAB_04,102,0
PAB_04,103,0
PAB_04,104,0
PAB_04,105,1
PAB_04,106,1
PAB_04,107,1
PAB_04,108,1
PAB_04,109,1
PAB_04,110,1
PAB_04,111,1
PAB_04,112,1
PAB_04,113,1
PAB_04,114,0
PAB_04,115,0
PAB_04,116,0
PAB_04,117,0
PAB_04,118,0
PAB_04,119,0
PAB_04,120,0
PAB_04,121,0
PAB_04,122,0
PAB_04,123,0
PAB_04,124,0
PAB_04,125,0
PAB_04,126,0
PAB_04,127,0
PAB_04,128,0
PAB_04,129,0
PAB_04,130,0
PAB_04,131,0
PAB_04,132,0
PAB_04,133,0
PAB_04,134,0
PAB_04,135,0
PAB_04,136,0
PAB_04,137,0
PAB_04,138,0
PAB_04,139,0
PAB_04,140,0
PAB_04,141,0
PAB_04,142,0
PAB_04,143,0
PAB_04,144,0
PAB_04,145,0
PAB_04,146,0
PAB_04,147,0
PAB_04,148,0
PAB_04,149,0
PAB_04,150,0
PAB_04,151,0
PAB_04,152,0
PAB_04,153,0
PAB_04,154,0
PAB_04,155,0
PAB_04,156,0
PAB_04,157,0
PAB_04,158,0
PAB_04,159,0
PAB_04,160,0
PAB_04,161,0
PAB_04,162,0
PAB_04,163,0
PAB_04,164,0
PAB_04,165,0
PAB_04,166,0
PAB_04,167,0
PAB_04,168,0
PAB_04,169,0
PAB_04,170,0
PAB_04,171,0
PAB_04,172,0
PAB_04,173,0
PAB_04,174,0
PAB_04,175,0
PAB_04,176,0
PAB_04,177,1
PAB_04,178,1
PAB_04,179,1
PAB_04,180,1
PAB_04,181,1
PAB_04,182,1
PAB_04,183,1
PAB_04,184,1
PAB_04,185,1
PAB_04,186,0
PAB_04,187,0
PAB_04,188,0
PAB_04,189,0
PAB_04,190,0
PAB_04,191,0
PAB_04,192,0
PAB_04,193,0
PAB_04,194,0
PAB_04,195,0
PAB_04,196,0
PAB_04,197,0
PAB_04,198,0
PAB_04,199,0
PAB_04,200,0
PAB_04,201,1
PAB_04,202,1
PAB_04,203,1
PAB_04,204,1
PAB_04,205,1
PAB_04,206,1
PAB_04,207,1
PAB_04,208,1
PAB_04,209,1
PAB_04,210,0
PAB_04,211,0
PAB_04,212,0
PAB_04,213,0
PAB_04,214,0
PAB_04,215,0
PAB_04,216,0
PAB_04,217,0
PAB_04,218,0
PAB_04,219,0
PAB_04,220,0
PAB_04,221,0
PAB_04,222,0
PAB_04,223,0
PAB_04,224,0
PAB_04,225,1
PAB_04,226,1
PAB_04,227,1
PAB_04,228,1
PAB_04,229,1
PAB_04,230,1
PAB_04,231,1
PAB_04,232,1
PAB_04,233,1
PAB_04,234,0
PAB_04,235,0
PAB_04,236,0
PAB_04,237,0
PAB_04,238,0
PAB_04,239,0
PAB_04,240,0
PAB_04,241,0
PAB_04,242,0
PAB_04,243,0
PAB_04,244,0
PAB_04,245,0
PAB_04,246,0
PAB_04,247,0
PAB_04,248,0
PAB_04,249,1
PAB_04,250,1
PAB_04,251,1
PAB_04,252,1
PAB_04,253,1
PAB_04,254,1
PAB_04,255,1
PAB_04,256,1
PAB_04,257,1
PAB_04,258,0
PAB_04,259,0
PAB_04,260,0
PAB_04,261,0
PAB_04,262,0
PAB_04,263,0
PAB_04,264,0
PAB_04,265,0
PAB_04,266,0
PAB_04,267,0
PAB_04,268,0
PAB_04,269,0
PAB_04,270,0
PAB_04,271,0
PAB_04,272,0
PAB_04,273,1
PAB_04,274,1
PAB_04,275,1
PAB_04,276,1
PAB_04,277,1
PAB_04,278,1
PAB_04,279,1
PAB_04,280,1
PAB_04,281,1
PAB_04,282,0
PAB_04,283,0
PAB_04,284,0
PAB_04,285,0
PAB_04,286,0
PAB_04,287,0
PAB_04,288,0
PAB_04,289,0
PAB_04,290,0
PAB_04,291,0
PAB_04,292,0
PAB_04,293,0
PAB_04,294,0
PAB_04,295,0
PAB_04,296,0
PAB_04,297,0
PAB_04,298,0
PAB_04,299,0
PAB_04,300,0
PAB_04,301,0
PAB_04,302,0
PAB_04,303,0
PAB_04,304,0
PAB_04,305,0
PAB_04,306,0
PAB_04,307,0
PAB_04,308,0
PAB_04,309,0
PAB_04,310,0
PAB_04,311,0
PAB_04,312,0
PAB_04,313,0
PAB_04,314,0
PAB_04,315,0
PAB_04,316,0
PAB_04,317,0
PAB_04,318,0
PAB_04,319,0
PAB_04,320,0
PAB_04,321,0
PAB_04,322,0
PAB_04,323,0
PAB_04,324,0
PAB_04,325,0
PAB_04,326,0
PAB_04,327,0
PAB_04,328,0
PAB_04,329,0
PAB_04,330,0
PAB_04,331,0
PAB_04,332,0
PAB_04,333,0
PAB_04,334,0
PAB_04,335,0
PAB_04,336,0
PAB_04,337,0
PAB_04,338,0
PAB_04,339,0
PAB_04,340,0
PAB_04,341,0
PAB_04,342,0
PAB_04,343,0
PAB_04,344,0
PAB_04,345,1
PAB_04,346,1
PAB_04,347,1
PAB_04,348,1
PAB_04,349,1
PAB_04,350,1
PAB_04,351,1
PAB_04,352,1
PAB_04,353,1
PAB_04,354,0
PAB_04,355,0
PAB_04,356,0
PAB_04,357,0
PAB_04,358,0
PAB_04,359,0
PAB_04,360,0
PAB_04,361,0
PAB_04,362,0
PAB_04,363,0
PAB_04,364,0
PAB_04,365,0
PAB_04,366,0
PAB_04,367,0
PAB_04,368,0
PAB_04,369,1
PAB_04,370,1
PAB_04,371,1
PAB_04,372,1
PAB_04,373,1
PAB_04,374,1
PAB_04,375,1
PAB_04,376,1
PAB_04,377,1
PAB_04,378,0
PAB_04,379,0
PAB_04,380,0
PAB_04,381,0
PAB_04,382,0
PAB_04,383,0
PAB_04,384,0
PAB_04,385,0
PAB_04,386,0
PAB_04,387,0
PAB_04,388,0
PAB_04,389,0
PAB_04,390,0
PAB_04,391,0
PAB_04,392,0
PAB_04,393,1
PAB_04,394,1
PAB_04,395,1
PAB_04,396,1
PAB_04,397,1
PAB_04,398,1
PAB_04,399,1
PAB_04,400,1
PAB_04,401,1
PAB_04,402,0
PAB_04,403,0
PAB_04,404,0
PAB_04,405,0
PAB_04,406,0
PAB_04,407,0
PAB_04,408,0
PAB_04,409,0
PAB_04,410,0
PAB_04,411,0
PAB_04,412,0
PAB_04,413,0
PAB_04,414,0
PAB_04,415,0
PAB_04,416,0
PAB_04,417,1
PAB_04,418,1
PAB_04,419,1
PAB_04,420,1
PAB_04,421,1
PAB_04,422,1
PAB_04,423,1
PAB_04,424,1
PAB_04,425,1
PAB_04,426,0
PAB_04,427,0
PAB_04,428,0
PAB_04,429,0
PAB_04,430,0
PAB_04,431,0
PAB_04,432,0
PAB_04,433,0
PAB_04,434,0
PAB_04,435,0
PAB_04,436,0
PAB_04,437,0
PAB_04,438,0
PAB_04,439,0
PAB_04,440,0
PAB_04,441,1
PAB_04,442,1
PAB_04,443,1
PAB_04,444,1
PAB_04,445,1
PAB_04,446,1
PAB_04,447,1
PAB_04,448,1
PAB_04,449,1
PAB_04,450,0
PAB_04,451,0
PAB_04,452,0
PAB_04,453,0
PAB_04,454,0
PAB_04,455,0
PAB_04,456,0
PAB_04,457,0
PAB_04,458,0
PAB_04,459,0
PAB_04,460,0
PAB_04,461,0
PAB_04,462,0
PAB_04,463,0
PAB_04,464,0
PAB_04,465,0
PAB_04,466,0
PAB_04,467,0
PAB_04,468,0
PAB_04,469,0
PAB_04,470,0
PAB_04,471,0
PAB_04,472,0
PAB_04,473,0
PAB_04,474,0
PAB_04,475,0
PAB_04,476,0
PAB_04,477,0
PAB_04,478,0
PAB_04,479,0
PAB_04,480,0
PAB_04,481,0
PAB_04,482,0
PAB_04,483,0
PAB_04,484,0
PAB_04,485,0
PAB_04,486,0
PAB_04,487,0
PAB_04,488,0
PAB_04,489,0
PAB_04,490,0
PAB_04,491,0
PAB_04,492,0
PAB_04,493,0
PAB_04,494,0
PAB_04,495,0
PAB_04,496,0
PAB_04,497,0
PAB_04,498,0
PAB_04,499,0
PAB_04,500,0
PAB_04,501,0
PAB_04,502,0
PAB_04,503,0
PAB_04,504,0
PAB_04,505,0
PAB_04,506,0
PAB_04,507,0
PAB_04,508,0
PAB_04,509,0
PAB_04,510,0
PAB_04,511,0
PAB_04,512,0
PAB_04,513,1
PAB_04,514,1
PAB_04,515,1
PAB_04,516,1
PAB_04,517,1
PAB_04,518,1
PAB_04,519,1
PAB_04,520,1
PAB_04,521,1
PAB_04,522,0
PAB_04,523,0
PAB_04,524,0
PAB_04,525,0
PAB_04,526,0
PAB_04,527,0
PAB_04,528,0
PAB_04,529,0
PAB_04,530,0
PAB_04,531,0
PAB_04,532,0
PAB_04,533,0
PAB_04,534,0
PAB_04,535,0
PAB_04,536,0
PAB_04,537,1
PAB_04,538,1
PAB_04,539,1
PAB_04,540,1
PAB_04,541,1
PAB_04,542,1
PAB_04,543,1
PAB_04,544,1
PAB_04,545,1
PAB_04,546,0
PAB_04,547,0
PAB_04,548,0
PAB_04,549,0
PAB_04,550,0
PAB_04,551,0
PAB_04,552,0
PAB_04,553,0
PAB_04,554,0
PAB_04,555,0
PAB_04,556,0
PAB_04,557,0
PAB_04,558,0
PAB_04,559,0
PAB_04,560,0
PAB_04,561,1
PAB_04,562,1
PAB_04,563,1
PAB_04,564,1
PAB_04,565,1
PAB_04,566,1
PAB_04,567,1
PAB_04,568,1
PAB_04,569,1
PAB_04,570,0
PAB_04,571,0
PAB_04,572,0
PAB_04,573,0
PAB_04,574,0
PAB_04,575,0
PAB_04,576,0
PAB_04,577,0
PAB_04,578,0
PAB_04,579,0
PAB_04,580,0
PAB_04,581,0
PAB_04,582,0
PAB_04,583,0
PAB_04,584,0
PAB_04,585,1
PAB_04,586,1
PAB_04,587,1
PAB_04,588,1
PAB_04,589,1
PAB_04,590,1
PAB_04,591,1
PAB_04,592,1
PAB_04,593,1
PAB_04,594,0
PAB_04,595,0
PAB_04,596,0
PAB_04,597,0
PAB_04,598,0
PAB_04,599,0
PAB_04,600,0
PAB_04,601,0
PAB_04,602,0
PAB_04,603,0
PAB_04,604,0
PAB_04,605,0
PAB_04,606,0
PAB_04,607,0
PAB_04,608,0
PAB_04,609,1
PAB_04,610,1
PAB_04,611,1
PAB_04,612,1
PAB_04,613,1
PAB_04,614,1
PAB_04,615,1
PAB_04,616,1
PAB_04,617,1
PAB_04,618,0
PAB_04,619,0
PAB_04,620,0
PAB_04,621,0
PAB_04,622,0
PAB_04,623,0
PAB_04,624,0
PAB_04,625,0
PAB_04,626,0
PAB_04,627,0
PAB_04,628,0
PAB_04,629,0
PAB_04,630,0
PAB_04,631,0
PAB_04,632,0
PAB_04,633,0
PAB_04,634,0
PAB_04,635,0
PAB_04,636,0
PAB_04,637,0
PAB_04,638,0
PAB_04,639,0
PAB_04,640,0
PAB_04,641,0
PAB_04,642,0
PAB_04,643,0
PAB_04,644,0
PAB_04,645,0
PAB_04,646,0
PAB_04,647,0
PAB_04,648,0
PAB_04,649,0
PAB_04,650,0
PAB_04,651,0
PAB_04,652,0
PAB_04,653,0
PAB_04,654,0
PAB_04,655,0
PAB_04,656,0
PAB_04,657,0
PAB_04,658,0
PAB_04,659,0
PAB_04,660,0
PAB_04,661,0
PAB_04,662,0
PAB_04,663,0
PAB_04,664,0
PAB_04,665,0
PAB_04,666,0
PAB_04,667,0
PAB_04,668,0
PAB_04,669,0
PAB_04,670,0
PAB_04,671,0
PAB_04,672,0
PAB_04,673,0
PAB_04,674,0
PAB_04,675,0
PAB_04,676,0
PAB_04,677,0
PAB_04,678,0
PAB_04,679,0
PAB_04,680,0
PAB_04,681,1
PAB_04,682,1
PAB_04,683,1
PAB_04,684,1
PAB_04,685,1
PAB_04,686,1
PAB_04,687,1
PAB_04,688,1
PAB_04,689,1
PAB_04,690,0
PAB_04,691,0
PAB_04,692,0
PAB_04,693,0
PAB_04,694,0
PAB_04,695,0
PAB_04,696,0
PAB_04,697,0
PAB_04,698,0
PAB_04,699,0
PAB_04,700,0
PAB_04,701,0
PAB_04,702,0
PAB_04,703,0
PAB_04,704,0
PAB_04,705,1
PAB_04,706,1
PAB_04,707,1
PAB_04,708,1
PAB_04,709,1
PAB_04,710,1
PAB_04,711,1
PAB_04,712,1
PAB_04,713,1
PAB_04,714,0
PAB_04,715,0
PAB_04,716,0
PAB_04,717,0
PAB_04,718,0
PAB_04,719,0
PAB_04,720,0
PAB_05,1,0
PAB_05,2,0
PAB_05,3,0
PAB_05,4,0
PAB_05,5,0
PAB_05,6,0
PAB_05,7,0
PAB_05,8,0
PAB_05,9,1
PAB_05,10,1
PAB_05,11,1
PAB_05,12,1
PAB_05,13,1
PAB_05,14,1
PAB_05,15,1
PAB_05,16,1
PAB_05,17,1
PAB_05,18,0
PAB_05,19,0
PAB_05,20,0
PAB_05,21,0
PAB_05,22,0
PAB_05,23,0
PAB_05,24,0
PAB_05,25,0
PAB_05,26,0
PAB_05,27,0
PAB_05,28,0
PAB_05,29,0
PAB_05,30,0
PAB_05,31,0
PAB_05,32,0
PAB_05,33,1
PAB_05,34,1
PAB_05,35,1
PAB_05,36,1
PAB_05,37,1
PAB_05,38,1
PAB_05,39,1
PAB_05,40,1
PAB_05,41,1
PAB_05,42,0
PAB_05,43,0
PAB_05,44,0
PAB_05,45,0
PAB_05,46,0
PAB_05,47,0
PAB_05,48,0
PAB_05,49,0
PAB_05,50,0
PAB_05,51,0
PAB_05,52,0
PAB_05,53,0
PAB_05,54,0
PAB_05,55,0
PAB_05,56,0
PAB_05,57,1
PAB_05,58,1
PAB_05,59,1
PAB_05,60,1
PAB_05,61,1
PAB_05,62,1
PAB_05,63,1
PAB_05,64,1
PAB_05,65,1
PAB_05,66,0
PAB_05,67,0
PAB_05,68,0
PAB_05,69,0
PAB_05,70,0
PAB_05,71,0
PAB_05,72,0
PAB_05,73,0
PAB_05,74,0
PAB_05,75,0
PAB_05,76,0
PAB_05,77,0
PAB_05,78,0
PAB_05,79,0
PAB_05,80,0
PAB_05,81,1
PAB_05,82,1
PAB_05,83,1
PAB_05,84,1
PAB_05,85,1
PAB_05,86,1
PAB_05,87,1
PAB_05,88,1
PAB_05,89,1
PAB_05,90,0
PAB_05,91,0
PAB_05,92,0
PAB_05,93,0
PAB_05,94,0
PAB_05,95,0
PAB_05,96,0
PAB_05,97,0
PAB_05,98,0
PAB_05,99,0
PAB_05,100,0
PAB_05,101,0
PAB_05,102,0
PAB_05,103,0
PAB_05,104,0
PAB_05,105,1
PAB_05,106,1
PAB_05,107,1
PAB_05,108,1
PAB_05,109,1
PAB_05,110,1
PAB_05,111,1
PAB_05,112,1
PAB_05,113,1
PAB_05,114,0
PAB_05,115,0
PAB_05,116,0
PAB_05,117,0
PAB_05,118,0
PAB_05,119,0
PAB_05,120,0
PAB_05,121,0
PAB_05,122,0
PAB_05,123,0
PAB_05,124,0
PAB_05,125,0
PAB_05,126,0
PAB_05,127,0
PAB_05,128,0
PAB_05,129,0
PAB_05,130,0
PAB_05,131,0
PAB_05,132,0
PAB_05,133,0
PAB_05,134,0
PAB_05,135,0
PAB_05,136,0
PAB_05,137,0
PAB_05,138,0
PAB_05,139,0
PAB_05,140,0
PAB_05,141,0
PAB_05,142,0
PAB_05,143,0
PAB_05,144,0
PAB_05,145,0
PAB_05,146,0
PAB_05,147,0
PAB_05,148,0
PAB_05,149,0
PAB_05,150,0
PAB_05,151,0
PAB_05,152,0
PAB_05,153,0
PAB_05,154,0
PAB_05,155,0
PAB_05,156,0
PAB_05,157,0
PAB_05,158,0
PAB_05,159,0
PAB_05,160,0
PAB_05,161,0
PAB_05,162,0
PAB_05,163,0
PAB_05,164,0
PAB_05,165,0
PAB_05,166,0
PAB_05,167,0
PAB_05,168,0
PAB_05,169,0
PAB_05,170,0
PAB_05,171,0
PAB_05,172,0
PAB_05,173,0
PAB_05,174,0
PAB_05,175,0
PAB_05,176,0
PAB_05,177,1
PAB_05,178,1
PAB_05,179,1
PAB_05,180,1
PAB_05,181,1
PAB_05,182,1
PAB_05,183,1
PAB_05,184,1
PAB_05,185,1
PAB_05,186,0
PAB_05,187,0
PAB_05,188,0
PAB_05,189,0
PAB_05,190,0
PAB_05,191,0
PAB_05,192,0
PAB_05,193,0
PAB_05,194,0
PAB_05,195,0
PAB_05,196,0
PAB_05,197,0
PAB_05,198,0
PAB_05,199,0
PAB_05,200,0
PAB_05,201,1
PAB_05,202,1
PAB_05,203,1
PAB_05,204,1
PAB_05,205,1
PAB_05,206,1
PAB_05,207,1
PAB_05,208,1
PAB_05,209,1
PAB_05,210,0
PAB_05,211,0
PAB_05,212,0
PAB_05,213,0
PAB_05,214,0
PAB_05,215,0
PAB_05,216,0
PAB_05,217,0
PAB_05,218,0
PAB_05,219,0
PAB_05,220,0
PAB_05,221,0
PAB_05,222,0
PAB_05,223,0
PAB_05,224,0
PAB_05,225,1
PAB_05,226,1
PAB_05,227,1
PAB_05,228,1
PAB_05,229,1
PAB_05,230,1
PAB_05,231,1
PAB_05,232,1
PAB_05,233,1
PAB_05,234,0
PAB_05,235,0
PAB_05,236,0
PAB_05,237,0
PAB_05,238,0
PAB_05,239,0
PAB_05,240,0
PAB_05,241,0
PAB_05,242,0
PAB_05,243,0
PAB_05,244,0
PAB_05,245,0
PAB_05,246,0
PAB_05,247,0
PAB_05,248,0
PAB_05,249,1
PAB_05,250,1
PAB_05,251,1
PAB_05,252,1
PAB_05,253,1
PAB_05,254,1
PAB_05,255,1
PAB_05,256,1
PAB_05,257,1
PAB_05,258,0
PAB_05,259,0
PAB_05,260,0
PAB_05,261,0
PAB_05,262,0
PAB_05,263,0
PAB_05,264,0
PAB_05,265,0
PAB_05,266,0
PAB_05,267,0
PAB_05,268,0
PAB_05,269,0
PAB_05,270,0
PAB_05,271,0
PAB_05,272,0
PAB_05,273,1
PAB_05,274,1
PAB_05,275,1
PAB_05,276,1
PAB_05,277,1
PAB_05,278,1
PAB_05,279,1
PAB_05,280,1
PAB_05,281,1
PAB_05,282,0
PAB_05,283,0
PAB_05,284,0
PAB_05,285,0
PAB_05,286,0
PAB_05,287,0
PAB_05,288,0
PAB_05,289,0
PAB_05,290,0
PAB_05,291,0
PAB_05,292,0
PAB_05,293,0
PAB_05,294,0
PAB_05,295,0
PAB_05,296,0
PAB_05,297,0
PAB_05,298,0
PAB_05,299,0
PAB_05,300,0
PAB_05,301,0
PAB_05,302,0
PAB_05,303,0
PAB_05,304,0
PAB_05,305,0
PAB_05,306,0
PAB_05,307,0
PAB_05,308,0
PAB_05,309,0
PAB_05,310,0
PAB_05,311,0
PAB_05,312,0
PAB_05,313,0
PAB_05,314,0
PAB_05,315,0
PAB_05,316,0
PAB_05,317,0
PAB_05,318,0
PAB_05,319,0
PAB_05,320,0
PAB_05,321,0
PAB_05,322,0
PAB_05,323,0
PAB_05,324,0
PAB_05,325,0
PAB_05,326,0
PAB_05,327,0
PAB_05,328,0
PAB_05,329,0
PAB_05,330,0
PAB_05,331,0
PAB_05,332,0
PAB_05,333,0
PAB_05,334,0
PAB_05,335,0
PAB_05,336,0
PAB_05,337,0
PAB_05,338,0
PAB_05,339,0
PAB_05,340,0
PAB_05,341,0
PAB_05,342,0
PAB_05,343,0
PAB_05,344,0
PAB_05,345,1
PAB_05,346,1
PAB_05,347,1
PAB_05,348,1
PAB_05,349,1
PAB_05,350,1
PAB_05,351,1
PAB_05,352,1
PAB_05,353,1
PAB_05,354,0
PAB_05,355,0
PAB_05,356,0
PAB_05,357,0
PAB_05,358,0
PAB_05,359,0
PAB_05,360,0
PAB_05,361,0
PAB_05,362,0
PAB_05,363,0
PAB_05,364,0
PAB_05,365,0
PAB_05,366,0
PAB_05,367,0
PAB_05,368,0
PAB_05,369,1
PAB_05,370,1
PAB_05,371,1
PAB_05,372,1
PAB_05,373,1
PAB_05,374,1
PAB_05,375,1
PAB_05,376,1
PAB_05,377,1
PAB_05,378,0
PAB_05,379,0
PAB_05,380,0
PAB_05,381,0
PAB_05,382,0
PAB_05,383,0
PAB_05,384,0
PAB_05,385,0
PAB_05,386,0
PAB_05,387,0
PAB_05,388,0
PAB_05,389,0
PAB_05,390,0
PAB_05,391,0
PAB_05,392,0
PAB_05,393,1
PAB_05,394,1
PAB_05,395,1
PAB_05,396,1
PAB_05,397,1
PAB_05,398,1
PAB_05,399,1
PAB_05,400,1
PAB_05,401,1
PAB_05,402,0
PAB_05,403,0
PAB_05,404,0
PAB_05,405,0
PAB_05,406,0
PAB_05,407,0
PAB_05,408,0
PAB_05,409,0
PAB_05,410,0
PAB_05,411,0
PAB_05,412,0
PAB_05,413,0
PAB_05,414,0
PAB_05,415,0
PAB_05,416,0
PAB_05,417,1
PAB_05,418,1
PAB_05,419,1
PAB_05,420,1
PAB_05,421,1
PAB_05,422,1
PAB_05,423,1
PAB_05,424,1
PAB_05,425,1
PAB_05,426,0
PAB_05,427,0
PAB_05,428,0
PAB_05,429,0
PAB_05,430,0
PAB_05,431,0
PAB_05,432,0
PAB_05,433,0
PAB_05,434,0
PAB_05,435,0
PAB_05,436,0
PAB_05,437,0
PAB_05,438,0
PAB_05,439,0
PAB_05,440,0
PAB_05,441,1
PAB_05,442,1
PAB_05,443,1
PAB_05,444,1
PAB_05,445,1
PAB_05,446,1
PAB_05,447,1
PAB_05,448,1
PAB_05,449,1
PAB_05,450,0
PAB_05,451,0
PAB_05,452,0
PAB_05,453,0
PAB_05,454,0
PAB_05,455,0
PAB_05,456,0
PAB_05,457,0
PAB_05,458,0
PAB_05,459,0
PAB_05,460,0
PAB_05,461,0
PAB_05,462,0
PAB_05,463,0
PAB_05,464,0
PAB_05,465,0
PAB_05,466,0
PAB_05,467,0
PAB_05,468,0
PAB_05,469,0
PAB_05,470,0
PAB_05,471,0
PAB_05,472,0
PAB_05,473,0
PAB_05,474,0
PAB_05,475,0
PAB_05,476,0
PAB_05,477,0
PAB_05,478,0
PAB_05,479,0
PAB_05,480,0
PAB_05,481,0
PAB_05,482,0
PAB_05,483,0
PAB_05,484,0
PAB_05,485,0
PAB_05,486,0
PAB_05,487,0
PAB_05,488,0
PAB_05,489,0
PAB_05,490,0
PAB_05,491,0
PAB_05,492,0
PAB_05,493,0
PAB_05,494,0
PAB_05,495,0
PAB_05,496,0
PAB_05,497,0
PAB_05,498,0
PAB_05,499,0
PAB_05,500,0
PAB_05,501,0
PAB_05,502,0
PAB_05,503,0
PAB_05,504,0
PAB_05,505,0
PAB_05,506,0
PAB_05,507,0
PAB_05,508,0
PAB_05,509,0
PAB_05,510,0
PAB_05,511,0
PAB_05,512,0
PAB_05,513,1
PAB_05,514,1
PAB_05,515,1
PAB_05,516,1
PAB_05,517,1
PAB_05,518,1
PAB_05,519,1
PAB_05,520,1
PAB_05,521,1
PAB_05,522,0
PAB_05,523,0
PAB_05,524,0
PAB_05,525,0
PAB_05,526,0
PAB_05,527,0
PAB_05,528,0
PAB_05,529,0
PAB_05,530,0
PAB_05,531,0
PAB_05,532,0
PAB_05,533,0
PAB_05,534,0
PAB_05,535,0
PAB_05,536,0
PAB_05,537,1
PAB_05,538,1
PAB_05,539,1
PAB_05,540,1
PAB_05,541,1
PAB_05,542,1
PAB_05,543,1
PAB_05,544,1
PAB_05,545,1
PAB_05,546,0
PAB_05,547,0
PAB_05,548,0
PAB_05,549,0
PAB_05,550,0
PAB_05,551,0
PAB_05,552,0
PAB_05,553,0
PAB_05,554,0
PAB_05,555,0
PAB_05,556,0
PAB_05,557,0
PAB_05,558,0
PAB_05,559,0
PAB_05,560,0
PAB_05,561,1
PAB_05,562,1
PAB_05,563,1
PAB_05,564,1
PAB_05,565,1
PAB_05,566,1
PAB_05,567,1
PAB_05,568,1
PAB_05,569,1
PAB_05,570,0
PAB_05,571,0
PAB_05,572,0
PAB_05,573,0
PAB_05,574,0
PAB_05,575,0
PAB_05,576,0
PAB_05,577,0
PAB_05,578,0
PAB_05,579,0
PAB_05,580,0
PAB_05,581,0
PAB_05,582,0
PAB_05,583,0
PAB_05,584,0
PAB_05,585,1
PAB_05,586,1
PAB_05,587,1
PAB_05,588,1
PAB_05,589,1
PAB_05,590,1
PAB_05,591,1
PAB_05,592,1
PAB_05,593,1
PAB_05,594,0
PAB_05,595,0
PAB_05,596,0
PAB_05,597,0
PAB_05,598,0
PAB_05,599,0
PAB_05,600,0
PAB_05,601,0
PAB_05,602,0
PAB_05,603,0
PAB_05,604,0
PAB_05,605,0
PAB_05,606,0
PAB_05,607,0
PAB_05,608,0
PAB_05,609,1
PAB_05,610,1
PAB_05,611,1
PAB_05,612,1
PAB_05,613,1
PAB_05,614,1
PAB_05,615,1
PAB_05,616,1
PAB_05,617,1
PAB_05,618,0
PAB_05,619,0
PAB_05,620,0
PAB_05,621,0
PAB_05,622,0
PAB_05,623,0
PAB_05,624,0
PAB_05,625,0
PAB_05,626,0
PAB_05,627,0
PAB_05,628,0
PAB_05,629,0
PAB_05,630,0
PAB_05,631,0
PAB_05,632,0
PAB_05,633,0
PAB_05,634,0
PAB_05,635,0
PAB_05,636,0
PAB_05,637,0
PAB_05,638,0
PAB_05,639,0
PAB_05,640,0
PAB_05,641,0
PAB_05,642,0
PAB_05,643,0
PAB_05,644,0
PAB_05,645,0
PAB_05,646,0
PAB_05,647,0
PAB_05,648,0
PAB_05,649,0
PAB_05,650,0
PAB_05,651,0
PAB_05,652,0
PAB_05,653,0
PAB_05,654,0
PAB_05,655,0
PAB_05,656,0
PAB_05,657,0
PAB_05,658,0
PAB_05,659,0
PAB_05,660,0
PAB_05,661,0
PAB_05,662,0
PAB_05,663,0
PAB_05,664,0
PAB_05,665,0
PAB_05,666,0
PAB_05,667,0
PAB_05,668,0
PAB_05,669,0
PAB_05,670,0
PAB_05,671,0
PAB_05,672,0
PAB_05,673,0
PAB_05,674,0
PAB_05,675,0
PAB_05,676,0
PAB_05,677,0
PAB_05,678,0
PAB_05,679,0
PAB_05,680,0
PAB_05,681,1
PAB_05,682,1
PAB_05,683,1
PAB_05,684,1
PAB_05,685,1
PAB_05,686,1
PAB_05,687,1
PAB_05,688,1
PAB_05,689,1
PAB_05,690,0
PAB_05,691,0
PAB_05,692,0
PAB_05,693,0
PAB_05,694,0
PAB_05,695,0
PAB_05,696,0
PAB_05,697,0
PAB_05,698,0
PAB_05,699,0
PAB_05,700,0
PAB_05,701,0
PAB_05,702,0
PAB_05,703,0
PAB_05,704,0
PAB_05,705,1
PAB_05,706,1
PAB_05,707,1
PAB_05,708,1
PAB_05,709,1
PAB_05,710,1
PAB_05,711,1
PAB_05,712,1
PAB_05,713,1
PAB_05,714,0
PAB_05,715,0
PAB_05,716,0
PAB_05,717,0
PAB_05,718,0
PAB_05,719,0
PAB_05,720,0
PAB_06,1,0
PAB_06,2,0
PAB_06,3,0
PAB_06,4,0
PAB_06,5,0
PAB_06,6,0
PAB_06,7,0
PAB_06,8,0
PAB_06,9,1
PAB_06,10,1
PAB_06,11,1
PAB_06,12,1
PAB_06,13,1
PAB_06,14,1
PAB_06,15,1
PAB_06,16,1
PAB_06,17,1
PAB_06,18,0
PAB_06,19,0
PAB_06,20,0
PAB_06,21,0
PAB_06,22,0
PAB_06,23,0
PAB_06,24,0
PAB_06,25,0
PAB_06,26,0
PAB_06,27,0
PAB_06,28,0
PAB_06,29,0
PAB_06,30,0
PAB_06,31,0
PAB_06,32,0
PAB_06,33,1
PAB_06,34,1
PAB_06,35,1
PAB_06,36,1
PAB_06,37,1
PAB_06,38,1
PAB_06,39,1
PAB_06,40,1
PAB_06,41,1
PAB_06,42,0
PAB_06,43,0
PAB_06,44,0
PAB_06,45,0
PAB_06,46,0
PAB_06,47,0
PAB_06,48,0
PAB_06,49,0
PAB_06,50,0
PAB_06,51,0
PAB_06,52,0
PAB_06,53,0
PAB_06,54,0
PAB_06,55,0
PAB_06,56,0
PAB_06,57,1
PAB_06,58,1
PAB_06,59,1
PAB_06,60,1
PAB_06,61,1
PAB_06,62,1
PAB_06,63,1
PAB_06,64,1
PAB_06,65,1
PAB_06,66,0
PAB_06,67,0
PAB_06,68,0
PAB_06,69,0
PAB_06,70,0
PAB_06,71,0
PAB_06,72,0
PAB_06,73,0
PAB_06,74,0
PAB_06,75,0
PAB_06,76,0
PAB_06,77,0
PAB_06,78,0
PAB_06,79,0
PAB_06,80,0
PAB_06,81,1
PAB_06,82,1
PAB_06,83,1
PAB_06,84,1
PAB_06,85,1
PAB_06,86,1
PAB_06,87,1
PAB_06,88,1
PAB_06,89,1
PAB_06,90,0
PAB_06,91,0
PAB_06,92,0
PAB_06,93,0
PAB_06,94,0
PAB_06,95,0
PAB_06,96,0
PAB_06,97,0
PAB_06,98,0
PAB_06,99,0
PAB_06,100,0
PAB_06,101,0
PAB_06,102,0
PAB_06,103,0
PAB_06,104,0
PAB_06,105,1
PAB_06,106,1
PAB_06,107,1
PAB_06,108,1
PAB_06,109,1
PAB_06,110,1
PAB_06,111,1
PAB_06,112,1
PAB_06,113,1
PAB_06,114,0
PAB_06,115,0
PAB_06,116,0
PAB_06,117,0
PAB_06,118,0
PAB_06,119,0
PAB_06,120,0
PAB_06,121,0
PAB_06,122,0
PAB_06,123,0
PAB_06,124,0
PAB_06,125,0
PAB_06,126,0
PAB_06,127,0
PAB_06,128,0
PAB_06,129,0
PAB_06,130,0
PAB_06,131,0
PAB_06,132,0
PAB_06,133,0
PAB_06,134,0
PAB_06,135,0
PAB_06,136,0
PAB_06,137,0
PAB_06,138,0
PAB_06,139,0
PAB_06,140,0
PAB_06,141,0
PAB_06,142,0
PAB_06,143,0
PAB_06,144,0
PAB_06,145,0
PAB_06,146,0
PAB_06,147,0
PAB_06,148,0
PAB_06,149,0
PAB_06,150,0
PAB_06,151,0
PAB_06,152,0
PAB_06,153,0
PAB_06,154,0
PAB_06,155,0
PAB_06,156,0
PAB_06,157,0
PAB_06,158,0
PAB_06,159,0
PAB_06,160,0
PAB_06,161,0
PAB_06,162,0
PAB_06,163,0
PAB_06,164,0
PAB_06,165,0
PAB_06,166,0
PAB_06,167,0
PAB_06,168,0
PAB_06,169,0
PAB_06,170,0
PAB_06,171,0
PAB_06,172,0
PAB_06,173,0
PAB_06,174,0
PAB_06,175,0
PAB_06,176,0
PAB_06,177,1
PAB_06,178,1
PAB_06,179,1
PAB_06,180,1
PAB_06,181,1
PAB_06,182,1
PAB_06,183,1
PAB_06,184,1
PAB_06,185,1
PAB_06,186,0
PAB_06,187,0
PAB_06,188,0
PAB_06,189,0
PAB_06,190,0
PAB_06,191,0
PAB_06,192,0
PAB_06,193,0
PAB_06,194,0
PAB_06,195,0
PAB_06,196,0
PAB_06,197,0
PAB_06,198,0
PAB_06,199,0
PAB_06,200,0
PAB_06,201,1
PAB_06,202,1
PAB_06,203,1
PAB_06,204,1
PAB_06,205,1
PAB_06,206,1
PAB_06,207,1
PAB_06,208,1
PAB_06,209,1
PAB_06,210,0
PAB_06,211,0
PAB_06,212,0
PAB_06,213,0
PAB_06,214,0
PAB_06,215,0
PAB_06,216,0
PAB_06,217,0
PAB_06,218,0
PAB_06,219,0
PAB_06,220,0
PAB_06,221,0
PAB_06,222,0
PAB_06,223,0
PAB_06,224,0
PAB_06,225,1
PAB_06,226,1
PAB_06,227,1
PAB_06,228,1
PAB_06,229,1
PAB_06,230,1
PAB_06,231,1
PAB_06,232,1
PAB_06,233,1
PAB_06,234,0
PAB_06,235,0
PAB_06,236,0
PAB_06,237,0
PAB_06,238,0
PAB_06,239,0
PAB_06,240,0
PAB_06,241,0
PAB_06,242,0
PAB_06,243,0
PAB_06,244,0
PAB_06,245,0
PAB_06,246,0
PAB_06,247,0
PAB_06,248,0
PAB_06,249,1
PAB_06,250,1
PAB_06,251,1
PAB_06,252,1
PAB_06,253,1
PAB_06,254,1
PAB_06,255,1
PAB_06,256,1
PAB_06,257,1
PAB_06,258,0
PAB_06,259,0
PAB_06,260,0
PAB_06,261,0
PAB_06,262,0
PAB_06,263,0
PAB_06,264,0
PAB_06,265,0
PAB_06,266,0
PAB_06,267,0
PAB_06,268,0
PAB_06,269,0
PAB_06,270,0
PAB_06,271,0
PAB_06,272,0
PAB_06,273,1
PAB_06,274,1
PAB_06,275,1
PAB_06,276,1
PAB_06,277,1
PAB_06,278,1
PAB_06,279,1
PAB_06,280,1
PAB_06,281,1
PAB_06,282,0
PAB_06,283,0
PAB_06,284,0
PAB_06,285,0
PAB_06,286,0
PAB_06,287,0
PAB_06,288,0
PAB_06,289,0
PAB_06,290,0
PAB_06,291,0
PAB_06,292,0
PAB_06,293,0
PAB_06,294,0
PAB_06,295,0
PAB_06,296,0
PAB_06,297,0
PAB_06,298,0
PAB_06,299,0
PAB_06,300,0
PAB_06,301,0
PAB_06,302,0
PAB_06,303,0
PAB_06,304,0
PAB_06,305,0
PAB_06,306,0
PAB_06,307,0
PAB_06,308,0
PAB_06,309,0
PAB_06,310,0
PAB_06,311,0
PAB_06,312,0
PAB_06,313,0
PAB_06,314,0
PAB_06,315,0
PAB_06,316,0
PAB_06,317,0
PAB_06,318,0
PAB_06,319,0
PAB_06,320,0
PAB_06,321,0
PAB_06,322,0
PAB_06,323,0
PAB_06,324,0
PAB_06,325,0
PAB_06,326,0
PAB_06,327,0
PAB_06,328,0
PAB_06,329,0
PAB_06,330,0
PAB_06,331,0
PAB_06,332,0
PAB_06,333,0
PAB_06,334,0
PAB_06,335,0
PAB_06,336,0
PAB_06,337,0
PAB_06,338,0
PAB_06,339,0
PAB_06,340,0
PAB_06,341,0
PAB_06,342,0
PAB_06,343,0
PAB_06,344,0
PAB_06,345,1
PAB_06,346,1
PAB_06,347,1
PAB_06,348,1
PAB_06,349,1
PAB_06,350,1
PAB_06,351,1
PAB_06,352,1
PAB_06,353,1
PAB_06,354,0
PAB_06,355,0
PAB_06,356,0
PAB_06,357,0
PAB_06,358,0
PAB_06,359,0
PAB_06,360,0
PAB_06,361,0
PAB_06,362,0
PAB_06,363,0
PAB_06,364,0
PAB_06,365,0
PAB_06,366,0
PAB_06,367,0
PAB_06,368,0
PAB_06,369,1
PAB_06,370,1
PAB_06,371,1
PAB_06,372,1
PAB_06,373,1
PAB_06,374,1
PAB_06,375,1
PAB_06,376,1
PAB_06,377,1
PAB_06,378,0
PAB_06,379,0
PAB_06,380,0
PAB_06,381,0
PAB_06,382,0
PAB_06,383,0
PAB_06,384,0
PAB_06,385,0
PAB_06,386,0
PAB_06,387,0
PAB_06,388,0
PAB_06,389,0
PAB_06,390,0
PAB_06,391,0
PAB_06,392,0
PAB_06,393,1
PAB_06,394,1
PAB_06,395,1
PAB_06,396,1
PAB_06,397,1
PAB_06,398,1
PAB_06,399,1
PAB_06,400,1
PAB_06,401,1
PAB_06,402,0
PAB_06,403,0
PAB_06,404,0
PAB_06,405,0
PAB_06,406,0
PAB_06,407,0
PAB_06,408,0
PAB_06,409,0
PAB_06,410,0
PAB_06,411,0
PAB_06,412,0
PAB_06,413,0
PAB_06,414,0
PAB_06,415,0
PAB_06,416,0
PAB_06,417,1
PAB_06,418,1
PAB_06,419,1
PAB_06,420,1
PAB_06,421,1
PAB_06,422,1
PAB_06,423,1
PAB_06,424,1
PAB_06,425,1
PAB_06,426,0
PAB_06,427,0
PAB_06,428,0
PAB_06,429,0
PAB_06,430,0
PAB_06,431,0
PAB_06,432,0
PAB_06,433,0
PAB_06,434,0
PAB_06,435,0
PAB_06,436,0
PAB_06,437,0
PAB_06,438,0
PAB_06,439,0
PAB_06,440,0
PAB_06,441,1
PAB_06,442,1
PAB_06,443,1
PAB_06,444,1
PAB_06,445,1
PAB_06,446,1
PAB_06,447,1
PAB_06,448,1
PAB_06,449,1
PAB_06,450,0
PAB_06,451,0
PAB_06,452,0
PAB_06,453,0
PAB_06,454,0
PAB_06,455,0
PAB_06,456,0
PAB_06,457,0
PAB_06,458,0
PAB_06,459,0
PAB_06,460,0
PAB_06,461,0
PAB_06,462,0
PAB_06,463,0
PAB_06,464,0
PAB_06,465,0
PAB_06,466,0
PAB_06,467,0
PAB_06,468,0
PAB_06,469,0
PAB_06,470,0
PAB_06,471,0
PAB_06,472,0
PAB_06,473,0
PAB_06,474,0
PAB_06,475,0
PAB_06,476,0
PAB_06,477,0
PAB_06,478,0
PAB_06,479,0
PAB_06,480,0
PAB_06,481,0
PAB_06,482,0
PAB_06,483,0
PAB_06,484,0
PAB_06,485,0
PAB_06,486,0
PAB_06,487,0
PAB_06,488,0
PAB_06,489,0
PAB_06,490,0
PAB_06,491,0
PAB_06,492,0
PAB_06,493,0
PAB_06,494,0
PAB_06,495,0
PAB_06,496,0
PAB_06,497,0
PAB_06,498,0
PAB_06,499,0
PAB_06,500,0
PAB_06,501,0
PAB_06,502,0
PAB_06,503,0
PAB_06,504,0
PAB_06,505,0
PAB_06,506,0
PAB_06,507,0
PAB_06,508,0
PAB_06,509,0
PAB_06,510,0
PAB_06,511,0
PAB_06,512,0
PAB_06,513,1
PAB_06,514,1
PAB_06,515,1
PAB_06,516,1
PAB_06,517,1
PAB_06,518,1
PAB_06,519,1
PAB_06,520,1
PAB_06,521,1
PAB_06,522,0
PAB_06,523,0
PAB_06,524,0
PAB_06,525,0
PAB_06,526,0
PAB_06,527,0
PAB_06,528,0
PAB_06,529,0
PAB_06,530,0
PAB_06,531,0
PAB_06,532,0
PAB_06,533,0
PAB_06,534,0
PAB_06,535,0
PAB_06,536,0
PAB_06,537,1
PAB_06,538,1
PAB_06,539,1
PAB_06,540,1
PAB_06,541,1
PAB_06,542,1
PAB_06,543,1
PAB_06,544,1
PAB_06,545,1
PAB_06,546,0
PAB_06,547,0
PAB_06,548,0
PAB_06,549,0
PAB_06,550,0
PAB_06,551,0
PAB_06,552,0
PAB_06,553,0
PAB_06,554,0
PAB_06,555,0
PAB_06,556,0
PAB_06,557,0
PAB_06,558,0
PAB_06,559,0
PAB_06,560,0
PAB_06,561,1
PAB_06,562,1
PAB_06,563,1
PAB_06,564,1
PAB_06,565,1
PAB_06,566,1
PAB_06,567,1
PAB_06,568,1
PAB_06,569,1
PAB_06,570,0
PAB_06,571,0
PAB_06,572,0
PAB_06,573,0
PAB_06,574,0
PAB_06,575,0
PAB_06,576,0
PAB_06,577,0
PAB_06,578,0
PAB_06,579,0
PAB_06,580,0
PAB_06,581,0
PAB_06,582,0
PAB_06,583,0
PAB_06,584,0
PAB_06,585,1
PAB_06,586,1
PAB_06,587,1
PAB_06,588,1
PAB_06,589,1
PAB_06,590,1
PAB_06,591,1
PAB_06,592,1
PAB_06,593,1
PAB_06,594,0
PAB_06,595,0
PAB_06,596,0
PAB_06,597,0
PAB_06,598,0
PAB_06,599,0
PAB_06,600,0
PAB_06,601,0
PAB_06,602,0
PAB_06,603,0
PAB_06,604,0
PAB_06,605,0
PAB_06,606,0
PAB_06,607,0
PAB_06,608,0
PAB_06,609,1
PAB_06,610,1
PAB_06,611,1
PAB_06,612,1
PAB_06,613,1
PAB_06,614,1
PAB_06,615,1
PAB_06,616,1
PAB_06,617,1
PAB_06,618,0
PAB_06,619,0
PAB_06,620,0
PAB_06,621,0
PAB_06,622,0
PAB_06,623,0
PAB_06,624,0
PAB_06,625,0
PAB_06,626,0
PAB_06,627,0
PAB_06,628,0
PAB_06,629,0
PAB_06,630,0
PAB_06,631,0
PAB_06,632,0
PAB_06,633,0
PAB_06,634,0
PAB_06,635,0
PAB_06,636,0
PAB_06,637,0
PAB_06,638,0
PAB_06,639,0
PAB_06,640,0
PAB_06,641,0
PAB_06,642,0
PAB_06,643,0
PAB_06,644,0
PAB_06,645,0
PAB_06,646,0
PAB_06,647,0
PAB_06,648,0
PAB_06,649,0
PAB_06,650,0
PAB_06,651,0
PAB_06,652,0
PAB_06,653,0
PAB_06,654,0
PAB_06,655,0
PAB_06,656,0
PAB_06,657,0
PAB_06,658,0
PAB_06,659,0
PAB_06,660,0
PAB_06,661,0
PAB_06,662,0
PAB_06,663,0
PAB_06,664,0
PAB_06,665,0
PAB_06,666,0
PAB_06,667,0
PAB_06,668,0
PAB_06,669,0
PAB_06,670,0
PAB_06,671,0
PAB_06,672,0
PAB_06,673,0
PAB_06,674,0
PAB_06,675,0
PAB_06,676,0
PAB_06,677,0
PAB_06,678,0
PAB_06,679,0
PAB_06,680,0
PAB_06,681,1
PAB_06,682,1
PAB_06,683,1
PAB_06,684,1
PAB_06,685,1
PAB_06,686,1
PAB_06,687,1
PAB_06,688,1
PAB_06,689,1
PAB_06,690,0
PAB_06,691,0
PAB_06,692,0
PAB_06,693,0
PAB_06,694,0
PAB_06,695,0
PAB_06,696,0
PAB_06,697,0
PAB_06,698,0
PAB_06,699,0
PAB_06,700,0
PAB_06,701,0
PAB_06,702,0
PAB_06,703,0
PAB_06,704,0
PAB_06,705,1
PAB_06,706,1
PAB_06,707,1
PAB_06,708,1
PAB_06,709,1
PAB_06,710,1
PAB_06,711,1
PAB_06,712,1
PAB_06,713,1
PAB_06,714,0
PAB_06,715,0
PAB_06,716,0
PAB_06,717,0
PAB_06,718,0
PAB_06,719,0
PAB_06,720,0
PAB_07,1,0
PAB_07,2,0
PAB_07,3,0
PAB_07,4,0
PAB_07,5,0
PAB_07,6,0
PAB_07,7,0
PAB_07,8,0
PAB_07,9,1
PAB_07,10,1
PAB_07,11,1
PAB_07,12,1
PAB_07,13,1
PAB_07,14,1
PAB_07,15,1
PAB_07,16,1
PAB_07,17,1
PAB_07,18,0
PAB_07,19,0
PAB_07,20,0
PAB_07,21,0
PAB_07,22,0
PAB_07,23,0
PAB_07,24,0
PAB_07,25,0
PAB_07,26,0
PAB_07,27,0
PAB_07,28,0
PAB_07,29,0
PAB_07,30,0
PAB_07,31,0
PAB_07,32,0
PAB_07,33,1
PAB_07,34,1
PAB_07,35,1
PAB_07,36,1
PAB_07,37,1
PAB_07,38,1
PAB_07,39,1
PAB_07,40,1
PAB_07,41,1
PAB_07,42,0
PAB_07,43,0
PAB_07,44,0
PAB_07,45,0
PAB_07,46,0
PAB_07,47,0
PAB_07,48,0
PAB_07,49,0
PAB_07,50,0
PAB_07,51,0
PAB_07,52,0
PAB_07,53,0
PAB_07,54,0
PAB_07,55,0
PAB_07,56,0
PAB_07,57,1
PAB_07,58,1
PAB_07,59,1
PAB_07,60,1
PAB_07,61,1
PAB_07,62,1
PAB_07,63,1
PAB_07,64,1
PAB_07,65,1
PAB_07,66,0
PAB_07,67,0
PAB_07,68,0
PAB_07,69,0
PAB_07,70,0
PAB_07,71,0
PAB_07,72,0
PAB_07,73,0
PAB_07,74,0
PAB_07,75,0
PAB_07,76,0
PAB_07,77,0
PAB_07,78,0
PAB_07,79,0
PAB_07,80,0
PAB_07,81,1
PAB_07,82,1
PAB_07,83,1
PAB_07,84,1
PAB_07,85,1
PAB_07,86,1
PAB_07,87,1
PAB_07,88,1
PAB_07,89,1
PAB_07,90,0
PAB_07,91,0
PAB_07,92,0
PAB_07,93,0
PAB_07,94,0
PAB_07,95,0
PAB_07,96,0
PAB_07,97,0
PAB_07,98,0
PAB_07,99,0
PAB_07,100,0
PAB_07,101,0
PAB_07,102,0
PAB_07,103,0
PAB_07,104,0
PAB_07,105,1
PAB_07,106,1
PAB_07,107,1
PAB_07,108,1
PAB_07,109,1
PAB_07,110,1
PAB_07,111,1
PAB_07,112,1
PAB_07,113,1
PAB_07,114,0
PAB_07,115,0
PAB_07,116,0
PAB_07,117,0
PAB_07,118,0
PAB_07,119,0
PAB_07,120,0
PAB_07,121,0
PAB_07,122,0
PAB_07,123,0
PAB_07,124,0
PAB_07,125,0
PAB_07,126,0
PAB_07,127,0
PAB_07,128,0
PAB_07,129,0
PAB_07,130,0
PAB_07,131,0
PAB_07,132,0
PAB_07,133,0
PAB_07,134,0
PAB_07,135,0
PAB_07,136,0
PAB_07,137,0
PAB_07,138,0
PAB_07,139,0
PAB_07,140,0
PAB_07,141,0
PAB_07,142,0
PAB_07,143,0
PAB_07,144,0
PAB_07,145,0
PAB_07,146,0
PAB_07,147,0
PAB_07,148,0
PAB_07,149,0
PAB_07,150,0
PAB_07,151,0
PAB_07,152,0
PAB_07,153,0
PAB_07,154,0
PAB_07,155,0
PAB_07,156,0
PAB_07,157,0
PAB_07,158,0
PAB_07,159,0
PAB_07,160,0
PAB_07,161,0
PAB_07,162,0
PAB_07,163,0
PAB_07,164,0
PAB_07,165,0
PAB_07,166,0
PAB_07,167,0
PAB_07,168,0
PAB_07,169,0
PAB_07,170,0
PAB_07,171,0
PAB_07,172,0
PAB_07,173,0
PAB_07,174,0
PAB_07,175,0
PAB_07,176,0
PAB_07,177,1
PAB_07,178,1
PAB_07,179,1
PAB_07,180,1
PAB_07,181,1
PAB_07,182,1
PAB_07,183,1
PAB_07,184,1
PAB_07,185,1
PAB_07,186,0
PAB_07,187,0
PAB_07,188,0
PAB_07,189,0
PAB_07,190,0
PAB_07,191,0
PAB_07,192,0
PAB_07,193,0
PAB_07,194,0
PAB_07,195,0
PAB_07,196,0
PAB_07,197,0
PAB_07,198,0
PAB_07,199,0
PAB_07,200,0
PAB_07,201,1
PAB_07,202,1
PAB_07,203,1
PAB_07,204,1
PAB_07,205,1
PAB_07,206,1
PAB_07,207,1
PAB_07,208,1
PAB_07,209,1
PAB_07,210,0
PAB_07,211,0
PAB_07,212,0
PAB_07,213,0
PAB_07,214,0
PAB_07,215,0
PAB_07,216,0
PAB_07,217,0
PAB_07,218,0
PAB_07,219,0
PAB_07,220,0
PAB_07,221,0
PAB_07,222,0
PAB_07,223,0
PAB_07,224,0
PAB_07,225,1
PAB_07,226,1
PAB_07,227,1
PAB_07,228,1
PAB_07,229,1
PAB_07,230,1
PAB_07,231,1
PAB_07,232,1
PAB_07,233,1
PAB_07,234,0
PAB_07,235,0
PAB_07,236,0
PAB_07,237,0
PAB_07,238,0
PAB_07,239,0
PAB_07,240,0
PAB_07,241,0
PAB_07,242,0
PAB_07,243,0
PAB_07,244,0
PAB_07,245,0
PAB_07,246,0
PAB_07,247,0
PAB_07,248,0
PAB_07,249,1
PAB_07,250,1
PAB_07,251,1
PAB_07,252,1
PAB_07,253,1
PAB_07,254,1
PAB_07,255,1
PAB_07,256,1
PAB_07,257,1
PAB_07,258,0
PAB_07,259,0
PAB_07,260,0
PAB_07,261,0
PAB_07,262,0
PAB_07,263,0
PAB_07,264,0
PAB_07,265,0
PAB_07,266,0
PAB_07,267,0
PAB_07,268,0
PAB_07,269,0
PAB_07,270,0
PAB_07,271,0
PAB_07,272,0
PAB_07,273,1
PAB_07,274,1
PAB_07,275,1
PAB_07,276,1
PAB_07,277,1
PAB_07,278,1
PAB_07,279,1
PAB_07,280,1
PAB_07,281,1
PAB_07,282,0
PAB_07,283,0
PAB_07,284,0
PAB_07,285,0
PAB_07,286,0
PAB_07,287,0
PAB_07,288,0
PAB_07,289,0
PAB_07,290,0
PAB_07,291,0
PAB_07,292,0
PAB_07,293,0
PAB_07,294,0
PAB_07,295,0
PAB_07,296,0
PAB_07,297,0
PAB_07,298,0
PAB_07,299,0
PAB_07,300,0
PAB_07,301,0
PAB_07,302,0
PAB_07,303,0
PAB_07,304,0
PAB_07,305,0
PAB_07,306,0
PAB_07,307,0
PAB_07,308,0
PAB_07,309,0
PAB_07,310,0
PAB_07,311,0
PAB_07,312,0
PAB_07,313,0
PAB_07,314,0
PAB_07,315,0
PAB_07,316,0
PAB_07,317,0
PAB_07,318,0
PAB_07,319,0
PAB_07,320,0
PAB_07,321,0
PAB_07,322,0
PAB_07,323,0
PAB_07,324,0
PAB_07,325,0
PAB_07,326,0
PAB_07,327,0
PAB_07,328,0
PAB_07,329,0
PAB_07,330,0
PAB_07,331,0
PAB_07,332,0
PAB_07,333,0
PAB_07,334,0
PAB_07,335,0
PAB_07,336,0
PAB_07,337,0
PAB_07,338,0
PAB_07,339,0
PAB_07,340,0
PAB_07,341,0
PAB_07,342,0
PAB_07,343,0
PAB_07,344,0
PAB_07,345,1
PAB_07,346,1
PAB_07,347,1
PAB_07,348,1
PAB_07,349,1
PAB_07,350,1
PAB_07,351,1
PAB_07,352,1
PAB_07,353,1
PAB_07,354,0
PAB_07,355,0
PAB_07,356,0
PAB_07,357,0
PAB_07,358,0
PAB_07,359,0
PAB_07,360,0
PAB_07,361,0
PAB_07,362,0
PAB_07,363,0
PAB_07,364,0
PAB_07,365,0
PAB_07,366,0
PAB_07,367,0
PAB_07,368,0
PAB_07,369,1
PAB_07,370,1
PAB_07,371,1
PAB_07,372,1
PAB_07,373,1
PAB_07,374,1
PAB_07,375,1
PAB_07,376,1
PAB_07,377,1
PAB_07,378,0
PAB_07,379,0
PAB_07,380,0
PAB_07,381,0
PAB_07,382,0
PAB_07,383,0
PAB_07,384,0
PAB_07,385,0
PAB_07,386,0
PAB_07,387,0
PAB_07,388,0
PAB_07,389,0
PAB_07,390,0
PAB_07,391,0
PAB_07,392,0
PAB_07,393,1
PAB_07,394,1
PAB_07,395,1
PAB_07,396,1
PAB_07,397,1
PAB_07,398,1
PAB_07,399,1
PAB_07,400,1
PAB_07,401,1
PAB_07,402,0
PAB_07,403,0
PAB_07,404,0
PAB_07,405,0
PAB_07,406,0
PAB_07,407,0
PAB_07,408,0
PAB_07,409,0
PAB_07,410,0
PAB_07,411,0
PAB_07,412,0
PAB_07,413,0
PAB_07,414,0
PAB_07,415,0
PAB_07,416,0
PAB_07,417,1
PAB_07,418,1
PAB_07,419,1
PAB_07,420,1
PAB_07,421,1
PAB_07,422,1
PAB_07,423,1
PAB_07,424,1
PAB_07,425,1
PAB_07,426,0
PAB_07,427,0
PAB_07,428,0
PAB_07,429,0
PAB_07,430,0
PAB_07,431,0
PAB_07,432,0
PAB_07,433,0
PAB_07,434,0
PAB_07,435,0
PAB_07,436,0
PAB_07,437,0
PAB_07,438,0
PAB_07,439,0
PAB_07,440,0
PAB_07,441,1
PAB_07,442,1
PAB_07,443,1
PAB_07,444,1
PAB_07,445,1
PAB_07,446,1
PAB_07,447,1
PAB_07,448,1
PAB_07,449,1
PAB_07,450,0
PAB_07,451,0
PAB_07,452,0
PAB_07,453,0
PAB_07,454,0
PAB_07,455,0
PAB_07,456,0
PAB_07,457,0
PAB_07,458,0
PAB_07,459,0
PAB_07,460,0
PAB_07,461,0
PAB_07,462,0
PAB_07,463,0
PAB_07,464,0
PAB_07,465,0
PAB_07,466,0
PAB_07,467,0
PAB_07,468,0
PAB_07,469,0
PAB_07,470,0
PAB_07,471,0
PAB_07,472,0
PAB_07,473,0
PAB_07,474,0
PAB_07,475,0
PAB_07,476,0
PAB_07,477,0
PAB_07,478,0
PAB_07,479,0
PAB_07,480,0
PAB_07,481,0
PAB_07,482,0
PAB_07,483,0
PAB_07,484,0
PAB_07,485,0
PAB_07,486,0
PAB_07,487,0
PAB_07,488,0
PAB_07,489,0
PAB_07,490,0
PAB_07,491,0
PAB_07,492,0
PAB_07,493,0
PAB_07,494,0
PAB_07,495,0
PAB_07,496,0
PAB_07,497,0
PAB_07,498,0
PAB_07,499,0
PAB_07,500,0
PAB_07,501,0
PAB_07,502,0
PAB_07,503,0
PAB_07,504,0
PAB_07,505,0
PAB_07,506,0
PAB_07,507,0
PAB_07,508,0
PAB_07,509,0
PAB_07,510,0
PAB_07,511,0
PAB_07,512,0
PAB_07,513,1
PAB_07,514,1
PAB_07,515,1
PAB_07,516,1
PAB_07,517,1
PAB_07,518,1
PAB_07,519,1
PAB_07,520,1
PAB_07,521,1
PAB_07,522,0
PAB_07,523,0
PAB_07,524,0
PAB_07,525,0
PAB_07,526,0
PAB_07,527,0
PAB_07,528,0
PAB_07,529,0
PAB_07,530,0
PAB_07,531,0
PAB_07,532,0
PAB_07,533,0
PAB_07,534,0
PAB_07,535,0
PAB_07,536,0
PAB_07,537,1
PAB_07,538,1
PAB_07,539,1
PAB_07,540,1
PAB_07,541,1
PAB_07,542,1
PAB_07,543,1
PAB_07,544,1
PAB_07,545,1
PAB_07,546,0
PAB_07,547,0
PAB_07,548,0
PAB_07,549,0
PAB_07,550,0
PAB_07,551,0
PAB_07,552,0
PAB_07,553,0
PAB_07,554,0
PAB_07,555,0
PAB_07,556,0
PAB_07,557,0
PAB_07,558,0
PAB_07,559,0
PAB_07,560,0
PAB_07,561,1
PAB_07,562,1
PAB_07,563,1
PAB_07,564,1
PAB_07,565,1
PAB_07,566,1
PAB_07,567,1
PAB_07,568,1
PAB_07,569,1
PAB_07,570,0
PAB_07,571,0
PAB_07,572,0
PAB_07,573,0
PAB_07,574,0
PAB_07,575,0
PAB_07,576,0
PAB_07,577,0
PAB_07,578,0
PAB_07,579,0
PAB_07,580,0
PAB_07,581,0
PAB_07,582,0
PAB_07,583,0
PAB_07,584,0
PAB_07,585,1
PAB_07,586,1
PAB_07,587,1
PAB_07,588,1
PAB_07,589,1
PAB_07,590,1
PAB_07,591,1
PAB_07,592,1
PAB_07,593,1
PAB_07,594,0
PAB_07,595,0
PAB_07,596,0
PAB_07,597,0
PAB_07,598,0
PAB_07,599,0
PAB_07,600,0
PAB_07,601,0
PAB_07,602,0
PAB_07,603,0
PAB_07,604,0
PAB_07,605,0
PAB_07,606,0
PAB_07,607,0
PAB_07,608,0
PAB_07,609,1
PAB_07,610,1
PAB_07,611,1
PAB_07,612,1
PAB_07,613,1
PAB_07,614,1
PAB_07,615,1
PAB_07,616,1
PAB_07,617,1
PAB_07,618,0
PAB_07,619,0
PAB_07,620,0
PAB_07,621,0
PAB_07,622,0
PAB_07,623,0
PAB_07,624,0
PAB_07,625,0
PAB_07,626,0
PAB_07,627,0
PAB_07,628,0
PAB_07,629,0
PAB_07,630,0
PAB_07,631,0
PAB_07,632,0
PAB_07,633,0
PAB_07,634,0
PAB_07,635,0
PAB_07,636,0
PAB_07,637,0
PAB_07,638,0
PAB_07,639,0
PAB_07,640,0
PAB_07,641,0
PAB_07,642,0
PAB_07,643,0
PAB_07,644,0
PAB_07,645,0
PAB_07,646,0
PAB_07,647,0
PAB_07,648,0
PAB_07,649,0
PAB_07,650,0
PAB_07,651,0
PAB_07,652,0
PAB_07,653,0
PAB_07,654,0
PAB_07,655,0
PAB_07,656,0
PAB_07,657,0
PAB_07,658,0
PAB_07,659,0
PAB_07,660,0
PAB_07,661,0
PAB_07,662,0
PAB_07,663,0
PAB_07,664,0
PAB_07,665,0
PAB_07,666,0
PAB_07,667,0
PAB_07,668,0
PAB_07,669,0
PAB_07,670,0
PAB_07,671,0
PAB_07,672,0
PAB_07,673,0
PAB_07,674,0
PAB_07,675,0
PAB_07,676,0
PAB_07,677,0
PAB_07,678,0
PAB_07,679,0
PAB_07,680,0
PAB_07,681,1
PAB_07,682,1
PAB_07,683,1
PAB_07,684,1
PAB_07,685,1
PAB_07,686,1
PAB_07,687,1
PAB_07,688,1
PAB_07,689,1
PAB_07,690,0
PAB_07,691,0
PAB_07,692,0
PAB_07,693,0
PAB_07,694,0
PAB_07,695,0
PAB_07,696,0
PAB_07,697,0
PAB_07,698,0
PAB_07,699,0
PAB_07,700,0
PAB_07,701,0
PAB_07,702,0
PAB_07,703,0
PAB_07,704,0
PAB_07,705,1
PAB_07,706,1
PAB_07,707,1
PAB_07,708,1
PAB_07,709,1
PAB_07,710,1
PAB_07,711,1
PAB_07,712,1
PAB_07,713,1
PAB_07,714,0
PAB_07,715,0
PAB_07,716,0
PAB_07,717,0
PAB_07,718,0
PAB_07,719,0
PAB_07,720,0
PAB_08,1,0
PAB_08,2,0
PAB_08,3,0
PAB_08,4,0
PAB_08,5,0
PAB_08,6,0
PAB_08,7,0
PAB_08,8,0
PAB_08,9,1
PAB_08,10,1
PAB_08,11,1
PAB_08,12,1
PAB_08,13,1
PAB_08,14,1
PAB_08,15,1
PAB_08,16,1
PAB_08,17,1
PAB_08,18,0
PAB_08,19,0
PAB_08,20,0
PAB_08,21,0
PAB_08,22,0
PAB_08,23,0
PAB_08,24,0
PAB_08,25,0
PAB_08,26,0
PAB_08,27,0
PAB_08,28,0
PAB_08,29,0
PAB_08,30,0
PAB_08,31,0
PAB_08,32,0
PAB_08,33,1
PAB_08,34,1
PAB_08,35,1
PAB_08,36,1
PAB_08,37,1
PAB_08,38,1
PAB_08,39,1
PAB_08,40,1
PAB_08,41,1
PAB_08,42,0
PAB_08,43,0
PAB_08,44,0
PAB_08,45,0
PAB_08,46,0
PAB_08,47,0
PAB_08,48,0
PAB_08,49,0
PAB_08,50,0
PAB_08,51,0
PAB_08,52,0
PAB_08,53,0
PAB_08,54,0
PAB_08,55,0
PAB_08,56,0
PAB_08,57,1
PAB_08,58,1
PAB_08,59,1
PAB_08,60,1
PAB_08,61,1
PAB_08,62,1
PAB_08,63,1
PAB_08,64,1
PAB_08,65,1
PAB_08,66,0
PAB_08,67,0
PAB_08,68,0
PAB_08,69,0
PAB_08,70,0
PAB_08,71,0
PAB_08,72,0
PAB_08,73,0
PAB_08,74,0
PAB_08,75,0
PAB_08,76,0
PAB_08,77,0
PAB_08,78,0
PAB_08,79,0
PAB_08,80,0
PAB_08,81,1
PAB_08,82,1
PAB_08,83,1
PAB_08,84,1
PAB_08,85,1
PAB_08,86,1
PAB_08,87,1
PAB_08,88,1
PAB_08,89,1
PAB_08,90,0
PAB_08,91,0
PAB_08,92,0
PAB_08,93,0
PAB_08,94,0
PAB_08,95,0
PAB_08,96,0
PAB_08,97,0
PAB_08,98,0
PAB_08,99,0
PAB_08,100,0
PAB_08,101,0
PAB_08,102,0
PAB_08,103,0
PAB_08,104,0
PAB_08,105,1
PAB_08,106,1
PAB_08,107,1
PAB_08,108,1
PAB_08,109,1
PAB_08,110,1
PAB_08,111,1
PAB_08,112,1
PAB_08,113,1
PAB_08,114,0
PAB_08,115,0
PAB_08,116,0
PAB_08,117,0
PAB_08,118,0
PAB_08,119,0
PAB_08,120,0
PAB_08,121,0
PAB_08,122,0
PAB_08,123,0
PAB_08,124,0
PAB_08,125,0
PAB_08,126,0
PAB_08,127,0
PAB_08,128,0
PAB_08,129,0
PAB_08,130,0
PAB_08,131,0
PAB_08,132,0
PAB_08,133,0
PAB_08,134,0
PAB_08,135,0
PAB_08,136,0
PAB_08,137,0
PAB_08,138,0
PAB_08,139,0
PAB_08,140,0
PAB_08,141,0
PAB_08,142,0
PAB_08,143,0
PAB_08,144,0
PAB_08,145,0
PAB_08,146,0
PAB_08,147,0
PAB_08,148,0
PAB_08,149,0
PAB_08,150,0
PAB_08,151,0
PAB_08,152,0
PAB_08,153,0
PAB_08,154,0
PAB_08,155,0
PAB_08,156,0
PAB_08,157,0
PAB_08,158,0
PAB_08,159,0
PAB_08,160,0
PAB_08,161,0
PAB_08,162,0
PAB_08,163,0
PAB_08,164,0
PAB_08,165,0
PAB_08,166,0
PAB_08,167,0
PAB_08,168,0
PAB_08,169,0
PAB_08,170,0
PAB_08,171,0
PAB_08,172,0
PAB_08,173,0
PAB_08,174,0
PAB_08,175,0
PAB_08,176,0
PAB_08,177,1
PAB_08,178,1
PAB_08,179,1
PAB_08,180,1
PAB_08,181,1
PAB_08,182,1
PAB_08,183,1
PAB_08,184,1
PAB_08,185,1
PAB_08,186,0
PAB_08,187,0
PAB_08,188,0
PAB_08,189,0
PAB_08,190,0
PAB_08,191,0
PAB_08,192,0
PAB_08,193,0
PAB_08,194,0
PAB_08,195,0
PAB_08,196,0
PAB_08,197,0
PAB_08,198,0
PAB_08,199,0
PAB_08,200,0
PAB_08,201,1
PAB_08,202,1
PAB_08,203,1
PAB_08,204,1
PAB_08,205,1
PAB_08,206,1
PAB_08,207,1
PAB_08,208,1
PAB_08,209,1
PAB_08,210,0
PAB_08,211,0
PAB_08,212,0
PAB_08,213,0
PAB_08,214,0
PAB_08,215,0
PAB_08,216,0
PAB_08,217,0
PAB_08,218,0
PAB_08,219,0
PAB_08,220,0
PAB_08,221,0
PAB_08,222,0
PAB_08,223,0
PAB_08,224,0
PAB_08,225,1
PAB_08,226,1
PAB_08,227,1
PAB_08,228,1
PAB_08,229,1
PAB_08,230,1
PAB_08,231,1
PAB_08,232,1
PAB_08,233,1
PAB_08,234,0
PAB_08,235,0
PAB_08,236,0
PAB_08,237,0
PAB_08,238,0
PAB_08,239,0
PAB_08,240,0
PAB_08,241,0
PAB_08,242,0
PAB_08,243,0
PAB_08,244,0
PAB_08,245,0
PAB_08,246,0
PAB_08,247,0
PAB_08,248,0
PAB_08,249,1
PAB_08,250,1
PAB_08,251,1
PAB_08,252,1
PAB_08,253,1
PAB_08,254,1
PAB_08,255,1
PAB_08,256,1
PAB_08,257,1
PAB_08,258,0
PAB_08,259,0
PAB_08,260,0
PAB_08,261,0
PAB_08,262,0
PAB_08,263,0
PAB_08,264,0
PAB_08,265,0
PAB_08,266,0
PAB_08,267,0
PAB_08,268,0
PAB_08,269,0
PAB_08,270,0
PAB_08,271,0
PAB_08,272,0
PAB_08,273,1
PAB_08,274,1
PAB_08,275,1
PAB_08,276,1
PAB_08,277,1
PAB_08,278,1
PAB_08,279,1
PAB_08,280,1
PAB_08,281,1
PAB_08,282,0
PAB_08,283,0
PAB_08,284,0
PAB_08,285,0
PAB_08,286,0
PAB_08,287,0
PAB_08,288,0
PAB_08,289,0
PAB_08,290,0
PAB_08,291,0
PAB_08,292,0
PAB_08,293,0
PAB_08,294,0
PAB_08,295,0
PAB_08,296,0
PAB_08,297,0
PAB_08,298,0
PAB_08,299,0
PAB_08,300,0
PAB_08,301,0
PAB_08,302,0
PAB_08,303,0
PAB_08,304,0
PAB_08,305,0
PAB_08,306,0
PAB_08,307,0
PAB_08,308,0
PAB_08,309,0
PAB_08,310,0
PAB_08,311,0
PAB_08,312,0
PAB_08,313,0
PAB_08,314,0
PAB_08,315,0
PAB_08,316,0
PAB_08,317,0
PAB_08,318,0
PAB_08,319,0
PAB_08,320,0
PAB_08,321,0
PAB_08,322,0
PAB_08,323,0
PAB_08,324,0
PAB_08,325,0
PAB_08,326,0
PAB_08,327,0
PAB_08,328,0
PAB_08,329,0
PAB_08,330,0
PAB_08,331,0
PAB_08,332,0
PAB_08,333,0
PAB_08,334,0
PAB_08,335,0
PAB_08,336,0
PAB_08,337,0
PAB_08,338,0
PAB_08,339,0
PAB_08,340,0
PAB_08,341,0
PAB_08,342,0
PAB_08,343,0
PAB_08,344,0
PAB_08,345,1
PAB_08,346,1
PAB_08,347,1
PAB_08,348,1
PAB_08,349,1
PAB_08,350,1
PAB_08,351,1
PAB_08,352,1
PAB_08,353,1
PAB_08,354,0
PAB_08,355,0
PAB_08,356,0
PAB_08,357,0
PAB_08,358,0
PAB_08,359,0
PAB_08,360,0
PAB_08,361,0
PAB_08,362,0
PAB_08,363,0
PAB_08,364,0
PAB_08,365,0
PAB_08,366,0
PAB_08,367,0
PAB_08,368,0
PAB_08,369,1
PAB_08,370,1
PAB_08,371,1
PAB_08,372,1
PAB_08,373,1
PAB_08,374,1
PAB_08,375,1
PAB_08,376,1
PAB_08,377,1
PAB_08,378,0
PAB_08,379,0
PAB_08,380,0
PAB_08,381,0
PAB_08,382,0
PAB_08,383,0
PAB_08,384,0
PAB_08,385,0
PAB_08,386,0
PAB_08,387,0
PAB_08,388,0
PAB_08,389,0
PAB_08,390,0
PAB_08,391,0
PAB_08,392,0
PAB_08,393,1
PAB_08,394,1
PAB_08,395,1
PAB_08,396,1
PAB_08,397,1
PAB_08,398,1
PAB_08,399,1
PAB_08,400,1
PAB_08,401,1
PAB_08,402,0
PAB_08,403,0
PAB_08,404,0
PAB_08,405,0
PAB_08,406,0
PAB_08,407,0
PAB_08,408,0
PAB_08,409,0
PAB_08,410,0
PAB_08,411,0
PAB_08,412,0
PAB_08,413,0
PAB_08,414,0
PAB_08,415,0
PAB_08,416,0
PAB_08,417,1
PAB_08,418,1
PAB_08,419,1
PAB_08,420,1
PAB_08,421,1
PAB_08,422,1
PAB_08,423,1
PAB_08,424,1
PAB_08,425,1
PAB_08,426,0
PAB_08,427,0
PAB_08,428,0
PAB_08,429,0
PAB_08,430,0
PAB_08,431,0
PAB_08,432,0
PAB_08,433,0
PAB_08,434,0
PAB_08,435,0
PAB_08,436,0
PAB_08,437,0
PAB_08,438,0
PAB_08,439,0
PAB_08,440,0
PAB_08,441,1
PAB_08,442,1
PAB_08,443,1
PAB_08,444,1
PAB_08,445,1
PAB_08,446,1
PAB_08,447,1
PAB_08,448,1
PAB_08,449,1
PAB_08,450,0
PAB_08,451,0
PAB_08,452,0
PAB_08,453,0
PAB_08,454,0
PAB_08,455,0
PAB_08,456,0
PAB_08,457,0
PAB_08,458,0
PAB_08,459,0
PAB_08,460,0
PAB_08,461,0
PAB_08,462,0
PAB_08,463,0
PAB_08,464,0
PAB_08,465,0
PAB_08,466,0
PAB_08,467,0
PAB_08,468,0
PAB_08,469,0
PAB_08,470,0
PAB_08,471,0
PAB_08,472,0
PAB_08,473,0
PAB_08,474,0
PAB_08,475,0
PAB_08,476,0
PAB_08,477,0
PAB_08,478,0
PAB_08,479,0
PAB_08,480,0
PAB_08,481,0
PAB_08,482,0
PAB_08,483,0
PAB_08,484,0
PAB_08,485,0
PAB_08,486,0
PAB_08,487,0
PAB_08,488,0
PAB_08,489,0
PAB_08,490,0
PAB_08,491,0
PAB_08,492,0
PAB_08,493,0
PAB_08,494,0
PAB_08,495,0
PAB_08,496,0
PAB_08,497,0
PAB_08,498,0
PAB_08,499,0
PAB_08,500,0
PAB_08,501,0
PAB_08,502,0
PAB_08,503,0
PAB_08,504,0
PAB_08,505,0
PAB_08,506,0
PAB_08,507,0
PAB_08,508,0
PAB_08,509,0
PAB_08,510,0
PAB_08,511,0
PAB_08,512,0
PAB_08,513,1
PAB_08,514,1
PAB_08,515,1
PAB_08,516,1
PAB_08,517,1
PAB_08,518,1
PAB_08,519,1
PAB_08,520,1
PAB_08,521,1
PAB_08,522,0
PAB_08,523,0
PAB_08,524,0
PAB_08,525,0
PAB_08,526,0
PAB_08,527,0
PAB_08,528,0
PAB_08,529,0
PAB_08,530,0
PAB_08,531,0
PAB_08,532,0
PAB_08,533,0
PAB_08,534,0
PAB_08,535,0
PAB_08,536,0
PAB_08,537,1
PAB_08,538,1
PAB_08,539,1
PAB_08,540,1
PAB_08,541,1
PAB_08,542,1
PAB_08,543,1
PAB_08,544,1
PAB_08,545,1
PAB_08,546,0
PAB_08,547,0
PAB_08,548,0
PAB_08,549,0
PAB_08,550,0
PAB_08,551,0
PAB_08,552,0
PAB_08,553,0
PAB_08,554,0
PAB_08,555,0
PAB_08,556,0
PAB_08,557,0
PAB_08,558,0
PAB_08,559,0
PAB_08,560,0
PAB_08,561,1
PAB_08,562,1
PAB_08,563,1
PAB_08,564,1
PAB_08,565,1
PAB_08,566,1
PAB_08,567,1
PAB_08,568,1
PAB_08,569,1
PAB_08,570,0
PAB_08,571,0
PAB_08,572,0
PAB_08,573,0
PAB_08,574,0
PAB_08,575,0
PAB_08,576,0
PAB_08,577,0
PAB_08,578,0
PAB_08,579,0
PAB_08,580,0
PAB_08,581,0
PAB_08,582,0
PAB_08,583,0
PAB_08,584,0
PAB_08,585,1
PAB_08,586,1
PAB_08,587,1
PAB_08,588,1
PAB_08,589,1
PAB_08,590,1
PAB_08,591,1
PAB_08,592,1
PAB_08,593,1
PAB_08,594,0
PAB_08,595,0
PAB_08,596,0
PAB_08,597,0
PAB_08,598,0
PAB_08,599,0
PAB_08,600,0
PAB_08,601,0
PAB_08,602,0
PAB_08,603,0
PAB_08,604,0
PAB_08,605,0
PAB_08,606,0
PAB_08,607,0
PAB_08,608,0
PAB_08,609,1
PAB_08,610,1
PAB_08,611,1
PAB_08,612,1
PAB_08,613,1
PAB_08,614,1
PAB_08,615,1
PAB_08,616,1
PAB_08,617,1
PAB_08,618,0
PAB_08,619,0
PAB_08,620,0
PAB_08,621,0
PAB_08,622,0
PAB_08,623,0
PAB_08,624,0
PAB_08,625,0
PAB_08,626,0
PAB_08,627,0
PAB_08,628,0
PAB_08,629,0
PAB_08,630,0
PAB_08,631,0
PAB_08,632,0
PAB_08,633,0
PAB_08,634,0
PAB_08,635,0
PAB_08,636,0
PAB_08,637,0
PAB_08,638,0
PAB_08,639,0
PAB_08,640,0
PAB_08,641,0
PAB_08,642,0
PAB_08,643,0
PAB_08,644,0
PAB_08,645,0
PAB_08,646,0
PAB_08,647,0
PAB_08,648,0
PAB_08,649,0
PAB_08,650,0
PAB_08,651,0
PAB_08,652,0
PAB_08,653,0
PAB_08,654,0
PAB_08,655,0
PAB_08,656,0
PAB_08,657,0
PAB_08,658,0
PAB_08,659,0
PAB_08,660,0
PAB_08,661,0
PAB_08,662,0
PAB_08,663,0
PAB_08,664,0
PAB_08,665,0
PAB_08,666,0
PAB_08,667,0
PAB_08,668,0
PAB_08,669,0
PAB_08,670,0
PAB_08,671,0
PAB_08,672,0
PAB_08,673,0
PAB_08,674,0
PAB_08,675,0
PAB_08,676,0
PAB_08,677,0
PAB_08,678,0
PAB_08,679,0
PAB_08,680,0
PAB_08,681,1
PAB_08,682,1
PAB_08,683,1
PAB_08,684,1
PAB_08,685,1
PAB_08,686,1
PAB_08,687,1
PAB_08,688,1
PAB_08,689,1
PAB_08,690,0
PAB_08,691,0
PAB_08,692,0
PAB_08,693,0
PAB_08,694,0
PAB_08,695,0
PAB_08,696,0
PAB_08,697,0
PAB_08,698,0
PAB_08,699,0
PAB_08,700,0
PAB_08,701,0
PAB_08,702,0
PAB_08,703,0
PAB_08,704,0
PAB_08,705,1
PAB_08,706,1
PAB_08,707,1
PAB_08,708,1
PAB_08,709,1
PAB_08,710,1
PAB_08,711,1
PAB_08,712,1
PAB_08,713,1
PAB_08,714,0
PAB_08,715,0
PAB_08,716,0
PAB_08,717,0
PAB_08,718,0
PAB_08,719,0
PAB_08,720,0
PAB_09,1,0
PAB_09,2,0
PAB_09,3,0
PAB_09,4,0
PAB_09,5,0
PAB_09,6,0
PAB_09,7,0
PAB_09,8,0
PAB_09,9,1
PAB_09,10,1
PAB_09,11,1
PAB_09,12,1
PAB_09,13,1
PAB_09,14,1
PAB_09,15,1
PAB_09,16,1
PAB_09,17,1
PAB_09,18,0
PAB_09,19,0
PAB_09,20,0
PAB_09,21,0
PAB_09,22,0
PAB_09,23,0
PAB_09,24,0
PAB_09,25,0
PAB_09,26,0
PAB_09,27,0
PAB_09,28,0
PAB_09,29,0
PAB_09,30,0
PAB_09,31,0
PAB_09,32,0
PAB_09,33,1
PAB_09,34,1
PAB_09,35,1
PAB_09,36,1
PAB_09,37,1
PAB_09,38,1
PAB_09,39,1
PAB_09,40,1
PAB_09,41,1
PAB_09,42,0
PAB_09,43,0
PAB_09,44,0
PAB_09,45,0
PAB_09,46,0
PAB_09,47,0
PAB_09,48,0
PAB_09,49,0
PAB_09,50,0
PAB_09,51,0
PAB_09,52,0
PAB_09,53,0
PAB_09,54,0
PAB_09,55,0
PAB_09,56,0
PAB_09,57,1
PAB_09,58,1
PAB_09,59,1
PAB_09,60,1
PAB_09,61,1
PAB_09,62,1
PAB_09,63,1
PAB_09,64,1
PAB_09,65,1
PAB_09,66,0
PAB_09,67,0
PAB_09,68,0
PAB_09,69,0
PAB_09,70,0
PAB_09,71,0
PAB_09,72,0
PAB_09,73,0
PAB_09,74,0
PAB_09,75,0
PAB_09,76,0
PAB_09,77,0
PAB_09,78,0
PAB_09,79,0
PAB_09,80,0
PAB_09,81,1
PAB_09,82,1
PAB_09,83,1
PAB_09,84,1
PAB_09,85,1
PAB_09,86,1
PAB_09,87,1
PAB_09,88,1
PAB_09,89,1
PAB_09,90,0
PAB_09,91,0
PAB_09,92,0
PAB_09,93,0
PAB_09,94,0
PAB_09,95,0
PAB_09,96,0
PAB_09,97,0
PAB_09,98,0
PAB_09,99,0
PAB_09,100,0
PAB_09,101,0
PAB_09,102,0
PAB_09,103,0
PAB_09,104,0
PAB_09,105,1
PAB_09,106,1
PAB_09,107,1
PAB_09,108,1
PAB_09,109,1
PAB_09,110,1
PAB_09,111,1
PAB_09,112,1
PAB_09,113,1
PAB_09,114,0
PAB_09,115,0
PAB_09,116,0
PAB_09,117,0
PAB_09,118,0
PAB_09,119,0
PAB_09,120,0
PAB_09,121,0
PAB_09,122,0
PAB_09,123,0
PAB_09,124,0
PAB_09,125,0
PAB_09,126,0
PAB_09,127,0
PAB_09,128,0
PAB_09,129,0
PAB_09,130,0
PAB_09,131,0
PAB_09,132,0
PAB_09,133,0
PAB_09,134,0
PAB_09,135,0
PAB_09,136,0
PAB_09,137,0
PAB_09,138,0
PAB_09,139,0
PAB_09,140,0
PAB_09,141,0
PAB_09,142,0
PAB_09,143,0
PAB_09,144,0
PAB_09,145,0
PAB_09,146,0
PAB_09,147,0
PAB_09,148,0
PAB_09,149,0
PAB_09,150,0
PAB_09,151,0
PAB_09,152,0
PAB_09,153,0
PAB_09,154,0
PAB_09,155,0
PAB_09,156,0
PAB_09,157,0
PAB_09,158,0
PAB_09,159,0
PAB_09,160,0
PAB_09,161,0
PAB_09,162,0
PAB_09,163,0
PAB_09,164,0
PAB_09,165,0
PAB_09,166,0
PAB_09,167,0
PAB_09,168,0
PAB_09,169,0
PAB_09,170,0
PAB_09,171,0
PAB_09,172,0
PAB_09,173,0
PAB_09,174,0
PAB_09,175,0
PAB_09,176,0
PAB_09,177,1
PAB_09,178,1
PAB_09,179,1
PAB_09,180,1
PAB_09,181,1
PAB_09,182,1
PAB_09,183,1
PAB_09,184,1
PAB_09,185,1
PAB_09,186,0
PAB_09,187,0
PAB_09,188,0
PAB_09,189,0
PAB_09,190,0
PAB_09,191,0
PAB_09,192,0
PAB_09,193,0
PAB_09,194,0
PAB_09,195,0
PAB_09,196,0
PAB_09,197,0
PAB_09,198,0
PAB_09,199,0
PAB_09,200,0
PAB_09,201,1
PAB_09,202,1
PAB_09,203,1
PAB_09,204,1
PAB_09,205,1
PAB_09,206,1
PAB_09,207,1
PAB_09,208,1
PAB_09,209,1
PAB_09,210,0
PAB_09,211,0
PAB_09,212,0
PAB_09,213,0
PAB_09,214,0
PAB_09,215,0
PAB_09,216,0
PAB_09,217,0
PAB_09,218,0
PAB_09,219,0
PAB_09,220,0
PAB_09,221,0
PAB_09,222,0
PAB_09,223,0
PAB_09,224,0
PAB_09,225,1
PAB_09,226,1
PAB_09,227,1
PAB_09,228,1
PAB_09,229,1
PAB_09,230,1
PAB_09,231,1
PAB_09,232,1
PAB_09,233,1
PAB_09,234,0
PAB_09,235,0
PAB_09,236,0
PAB_09,237,0
PAB_09,238,0
PAB_09,239,0
PAB_09,240,0
PAB_09,241,0
PAB_09,242,0
PAB_09,243,0
PAB_09,244,0
PAB_09,245,0
PAB_09,246,0
PAB_09,247,0
PAB_09,248,0
PAB_09,249,1
PAB_09,250,1
PAB_09,251,1
PAB_09,252,1
PAB_09,253,1
PAB_09,254,1
PAB_09,255,1
PAB_09,256,1
PAB_09,257,1
PAB_09,258,0
PAB_09,259,0
PAB_09,260,0
PAB_09,261,0
PAB_09,262,0
PAB_09,263,0
PAB_09,264,0
PAB_09,265,0
PAB_09,266,0
PAB_09,267,0
PAB_09,268,0
PAB_09,269,0
PAB_09,270,0
PAB_09,271,0
PAB_09,272,0
PAB_09,273,1
PAB_09,274,1
PAB_09,275,1
PAB_09,276,1
PAB_09,277,1
PAB_09,278,1
PAB_09,279,1
PAB_09,280,1
PAB_09,281,1
PAB_09,282,0
PAB_09,283,0
PAB_09,284,0
PAB_09,285,0
PAB_09,286,0
PAB_09,287,0
PAB_09,288,0
PAB_09,289,0
PAB_09,290,0
PAB_09,291,0
PAB_09,292,0
PAB_09,293,0
PAB_09,294,0
PAB_09,295,0
PAB_09,296,0
PAB_09,297,0
PAB_09,298,0
PAB_09,299,0
PAB_09,300,0
PAB_09,301,0
PAB_09,302,0
PAB_09,303,0
PAB_09,304,0
PAB_09,305,0
PAB_09,306,0
PAB_09,307,0
PAB_09,308,0
PAB_09,309,0
PAB_09,310,0
PAB_09,311,0
PAB_09,312,0
PAB_09,313,0
PAB_09,314,0
PAB_09,315,0
PAB_09,316,0
PAB_09,317,0
PAB_09,318,0
PAB_09,319,0
PAB_09,320,0
PAB_09,321,0
PAB_09,322,0
PAB_09,323,0
PAB_09,324,0
PAB_09,325,0
PAB_09,326,0
PAB_09,327,0
PAB_09,328,0
PAB_09,329,0
PAB_09,330,0
PAB_09,331,0
PAB_09,332,0
PAB_09,333,0
PAB_09,334,0
PAB_09,335,0
PAB_09,336,0
PAB_09,337,0
PAB_09,338,0
PAB_09,339,0
PAB_09,340,0
PAB_09,341,0
PAB_09,342,0
PAB_09,343,0
PAB_09,344,0
PAB_09,345,1
PAB_09,346,1
PAB_09,347,1
PAB_09,348,1
PAB_09,349,1
PAB_09,350,1
PAB_09,351,1
PAB_09,352,1
PAB_09,353,1
PAB_09,354,0
PAB_09,355,0
PAB_09,356,0
PAB_09,357,0
PAB_09,358,0
PAB_09,359,0
PAB_09,360,0
PAB_09,361,0
PAB_09,362,0
PAB_09,363,0
PAB_09,364,0
PAB_09,365,0
PAB_09,366,0
PAB_09,367,0
PAB_09,368,0
PAB_09,369,1
PAB_09,370,1
PAB_09,371,1
PAB_09,372,1
PAB_09,373,1
PAB_09,374,1
PAB_09,375,1
PAB_09,376,1
PAB_09,377,1
PAB_09,378,0
PAB_09,379,0
PAB_09,380,0
PAB_09,381,0
PAB_09,382,0
PAB_09,383,0
PAB_09,384,0
PAB_09,385,0
PAB_09,386,0
PAB_09,387,0
PAB_09,388,0
PAB_09,389,0
PAB_09,390,0
PAB_09,391,0
PAB_09,392,0
PAB_09,393,1
PAB_09,394,1
PAB_09,395,1
PAB_09,396,1
PAB_09,397,1
PAB_09,398,1
PAB_09,399,1
PAB_09,400,1
PAB_09,401,1
PAB_09,402,0
PAB_09,403,0
PAB_09,404,0
PAB_09,405,0
PAB_09,406,0
PAB_09,407,0
PAB_09,408,0
PAB_09,409,0
PAB_09,410,0
PAB_09,411,0
PAB_09,412,0
PAB_09,413,0
PAB_09,414,0
PAB_09,415,0
PAB_09,416,0
PAB_09,417,1
PAB_09,418,1
PAB_09,419,1
PAB_09,420,1
PAB_09,421,1
PAB_09,422,1
PAB_09,423,1
PAB_09,424,1
PAB_09,425,1
PAB_09,426,0
PAB_09,427,0
PAB_09,428,0
PAB_09,429,0
PAB_09,430,0
PAB_09,431,0
PAB_09,432,0
PAB_09,433,0
PAB_09,434,0
PAB_09,435,0
PAB_09,436,0
PAB_09,437,0
PAB_09,438,0
PAB_09,439,0
PAB_09,440,0
PAB_09,441,1
PAB_09,442,1
PAB_09,443,1
PAB_09,444,1
PAB_09,445,1
PAB_09,446,1
PAB_09,447,1
PAB_09,448,1
PAB_09,449,1
PAB_09,450,0
PAB_09,451,0
PAB_09,452,0
PAB_09,453,0
PAB_09,454,0
PAB_09,455,0
PAB_09,456,0
PAB_09,457,0
PAB_09,458,0
PAB_09,459,0
PAB_09,460,0
PAB_09,461,0
PAB_09,462,0
PAB_09,463,0
PAB_09,464,0
PAB_09,465,0
PAB_09,466,0
PAB_09,467,0
PAB_09,468,0
PAB_09,469,0
PAB_09,470,0
PAB_09,471,0
PAB_09,472,0
PAB_09,473,0
PAB_09,474,0
PAB_09,475,0
PAB_09,476,0
PAB_09,477,0
PAB_09,478,0
PAB_09,479,0
PAB_09,480,0
PAB_09,481,0
PAB_09,482,0
PAB_09,483,0
PAB_09,484,0
PAB_09,485,0
PAB_09,486,0
PAB_09,487,0
PAB_09,488,0
PAB_09,489,0
PAB_09,490,0
PAB_09,491,0
PAB_09,492,0
PAB_09,493,0
PAB_09,494,0
PAB_09,495,0
PAB_09,496,0
PAB_09,497,0
PAB_09,498,0
PAB_09,499,0
PAB_09,500,0
PAB_09,501,0
PAB_09,502,0
PAB_09,503,0
PAB_09,504,0
PAB_09,505,0
PAB_09,506,0
PAB_09,507,0
PAB_09,508,0
PAB_09,509,0
PAB_09,510,0
PAB_09,511,0
PAB_09,512,0
PAB_09,513,1
PAB_09,514,1
PAB_09,515,1
PAB_09,516,1
PAB_09,517,1
PAB_09,518,1
PAB_09,519,1
PAB_09,520,1
PAB_09,521,1
PAB_09,522,0
PAB_09,523,0
PAB_09,524,0
PAB_09,525,0
PAB_09,526,0
PAB_09,527,0
PAB_09,528,0
PAB_09,529,0
PAB_09,530,0
PAB_09,531,0
PAB_09,532,0
PAB_09,533,0
PAB_09,534,0
PAB_09,535,0
PAB_09,536,0
PAB_09,537,1
PAB_09,538,1
PAB_09,539,1
PAB_09,540,1
PAB_09,541,1
PAB_09,542,1
PAB_09,543,1
PAB_09,544,1
PAB_09,545,1
PAB_09,546,0
PAB_09,547,0
PAB_09,548,0
PAB_09,549,0
PAB_09,550,0
PAB_09,551,0
PAB_09,552,0
PAB_09,553,0
PAB_09,554,0
PAB_09,555,0
PAB_09,556,0
PAB_09,557,0
PAB_09,558,0
PAB_09,559,0
PAB_09,560,0
PAB_09,561,1
PAB_09,562,1
PAB_09,563,1
PAB_09,564,1
PAB_09,565,1
PAB_09,566,1
PAB_09,567,1
PAB_09,568,1
PAB_09,569,1
PAB_09,570,0
PAB_09,571,0
PAB_09,572,0
PAB_09,573,0
PAB_09,574,0
PAB_09,575,0
PAB_09,576,0
PAB_09,577,0
PAB_09,578,0
PAB_09,579,0
PAB_09,580,0
PAB_09,581,0
PAB_09,582,0
PAB_09,583,0
PAB_09,584,0
PAB_09,585,1
PAB_09,586,1
PAB_09,587,1
PAB_09,588,1
PAB_09,589,1
PAB_09,590,1
PAB_09,591,1
PAB_09,592,1
PAB_09,593,1
PAB_09,594,0
PAB_09,595,0
PAB_09,596,0
PAB_09,597,0
PAB_09,598,0
PAB_09,599,0
PAB_09,600,0
PAB_09,601,0
PAB_09,602,0
PAB_09,603,0
PAB_09,604,0
PAB_09,605,0
PAB_09,606,0
PAB_09,607,0
PAB_09,608,0
PAB_09,609,1
PAB_09,610,1
PAB_09,611,1
PAB_09,612,1
PAB_09,613,1
PAB_09,614,1
PAB_09,615,1
PAB_09,616,1
PAB_09,617,1
PAB_09,618,0
PAB_09,619,0
PAB_09,620,0
PAB_09,621,0
PAB_09,622,0
PAB_09,623,0
PAB_09,624,0
PAB_09,625,0
PAB_09,626,0
PAB_09,627,0
PAB_09,628,0
PAB_09,629,0
PAB_09,630,0
PAB_09,631,0
PAB_09,632,0
PAB_09,633,0
PAB_09,634,0
PAB_09,635,0
PAB_09,636,0
PAB_09,637,0
PAB_09,638,0
PAB_09,639,0
PAB_09,640,0
PAB_09,641,0
PAB_09,642,0
PAB_09,643,0
PAB_09,644,0
PAB_09,645,0
PAB_09,646,0
PAB_09,647,0
PAB_09,648,0
PAB_09,649,0
PAB_09,650,0
PAB_09,651,0
PAB_09,652,0
PAB_09,653,0
PAB_09,654,0
PAB_09,655,0
PAB_09,656,0
PAB_09,657,0
PAB_09,658,0
PAB_09,659,0
PAB_09,660,0
PAB_09,661,0
PAB_09,662,0
PAB_09,663,0
PAB_09,664,0
PAB_09,665,0
PAB_09,666,0
PAB_09,667,0
PAB_09,668,0
PAB_09,669,0
PAB_09,670,0
PAB_09,671,0
PAB_09,672,0
PAB_09,673,0
PAB_09,674,0
PAB_09,675,0
PAB_09,676,0
PAB_09,677,0
PAB_09,678,0
PAB_09,679,0
PAB_09,680,0
PAB_09,681,1
PAB_09,682,1
PAB_09,683,1
PAB_09,684,1
PAB_09,685,1
PAB_09,686,1
PAB_09,687,1
PAB_09,688,1
PAB_09,689,1
PAB_09,690,0
PAB_09,691,0
PAB_09,692,0
PAB_09,693,0
PAB_09,694,0
PAB_09,695,0
PAB_09,696,0
PAB_09,697,0
PAB_09,698,0
PAB_09,699,0
PAB_09,700,0
PAB_09,701,0
PAB_09,702,0
PAB_09,703,0
PAB_09,704,0
PAB_09,705,1
PAB_09,706,1
PAB_09,707,1
PAB_09,708,1
PAB_09,709,1
PAB_09,710,1
PAB_09,711,1
PAB_09,712,1
PAB_09,713,1
PAB_09,714,0
PAB_09,715,0
PAB_09,716,0
PAB_09,717,0
PAB_09,718,0
PAB_09,719,0
PAB_09,720,0
